{"loss": [0.5734745264053345, 0.3018842935562134, 0.1971857100725174, 0.15852947533130646, 0.13108278810977936, 0.11796370148658752, 0.10927503556013107, 0.09639330208301544, 0.08809955418109894, 0.07691255956888199, 0.08490949869155884, 0.081357941031456, 0.06206410378217697, 0.06320491433143616, 0.06187107041478157, 0.0571318082511425, 0.05075263977050781, 0.04711422324180603, 0.047818902879953384, 0.04682197794318199, 0.04376305639743805, 0.05570225045084953, 0.045204486697912216, 0.04182877391576767, 0.042480189353227615, 0.04084886983036995, 0.035315364599227905, 0.0390545055270195, 0.031422775238752365, 0.033590614795684814, 0.035239268094301224, 0.03097980096936226, 0.028935547918081284, 0.03541667386889458, 0.03991122171282768, 0.033556412905454636, 0.026728270575404167, 0.03596744313836098, 0.03808138146996498, 0.029973240569233894, 0.02938089147210121, 0.0305830966681242, 0.03858635574579239, 0.028007298707962036, 0.023685729131102562, 0.026502881199121475, 0.023855676874518394, 0.0336536280810833, 0.029724033549427986, 0.026829013600945473, 0.023082036525011063, 0.02427767962217331, 0.02502996101975441, 0.027104219421744347, 0.02255881577730179, 0.02150602824985981, 0.02866637520492077, 0.023319419473409653, 0.021923430263996124, 0.020958440378308296, 0.022250322625041008, 0.03160824999213219, 0.023327341303229332, 0.02610342763364315, 0.020664459094405174, 0.02428748644888401, 0.01856868527829647, 0.017737818881869316, 0.02823040448129177, 0.020618999376893044, 0.01852431520819664, 0.022362012416124344, 0.019757764413952827, 0.028434384614229202, 0.01929929107427597, 0.015952536836266518, 0.024788852781057358, 0.015613430179655552, 0.01806899905204773, 0.017522374168038368, 0.026829726994037628, 0.021775584667921066, 0.018460674211382866, 0.021047377958893776, 0.017297599464654922, 0.014353529550135136, 0.017228592187166214, 0.02358643151819706, 0.02277403138577938, 0.018703646957874298, 0.018030326813459396, 0.019391320645809174, 0.013143614865839481, 0.017266854643821716, 0.01753605343401432, 0.018381012603640556, 0.018676280975341797, 0.017721902579069138, 0.012444651685655117, 0.011380023322999477], "accuracy": [0.7671781182289124, 0.87871915102005, 0.9192795157432556, 0.9359573125839233, 0.9494329690933228, 0.9557037949562073, 0.95797199010849, 0.9621080756187439, 0.965843915939331, 0.969980001449585, 0.9677118062973022, 0.968112051486969, 0.9781187176704407, 0.9763842821121216, 0.9763842821121216, 0.9777184724807739, 0.9807872176170349, 0.983188807964325, 0.9810540080070496, 0.9829219579696655, 0.9822548627853394, 0.9799866676330566, 0.9839892983436584, 0.9842561483383179, 0.9841227531433105, 0.9854569435119629, 0.9858572483062744, 0.9866577982902527, 0.9889259338378906, 0.9873248934745789, 0.9886590838432312, 0.9899933338165283, 0.9887925386428833, 0.9875917434692383, 0.9857237935066223, 0.9878585934638977, 0.9890593886375427, 0.9866577982902527, 0.9853235483169556, 0.9877251386642456, 0.9906604290008545, 0.9890593886375427, 0.9853235483169556, 0.9885256886482239, 0.9905270338058472, 0.9909272789955139, 0.991060733795166, 0.9885256886482239, 0.98919278383255, 0.9899933338165283, 0.9927951693534851, 0.991060733795166, 0.9914609789848328, 0.9905270338058472, 0.9930620193481445, 0.9927951693534851, 0.9898598790168762, 0.9923949241638184, 0.9918612241744995, 0.9923949241638184, 0.9923949241638184, 0.9890593886375427, 0.993462324142456, 0.9911941289901733, 0.992261528968811, 0.9921280741691589, 0.993328869342804, 0.9929286241531372, 0.9907938838005066, 0.9914609789848328, 0.9925283789634705, 0.9918612241744995, 0.9935957193374634, 0.991060733795166, 0.9938625693321228, 0.9941294193267822, 0.992261528968811, 0.9946631193161011, 0.9941294193267822, 0.994529664516449, 0.9914609789848328, 0.9926617741584778, 0.9949299693107605, 0.9937291741371155, 0.994529664516449, 0.9954636693000793, 0.9951968193054199, 0.9917278289794922, 0.9927951693534851, 0.993462324142456, 0.9942628145217896, 0.9935957193374634, 0.9959973096847534, 0.9943962693214417, 0.994529664516449, 0.9929286241531372, 0.994529664516449, 0.9938625693321228, 0.9959973096847534, 0.9959973096847534], "val_loss": [0.49252140522003174, 0.34480008482933044, 0.2504914104938507, 0.18010790646076202, 0.12856893241405487, 0.10756846517324448, 0.11559648811817169, 0.08857253938913345, 0.06934115290641785, 0.07319062203168869, 0.06469827145338058, 0.05497782304883003, 0.058436788618564606, 0.043179288506507874, 0.053406137973070145, 0.05693771690130234, 0.05827206373214722, 0.038888558745384216, 0.074198879301548, 0.04310571402311325, 0.05579838529229164, 0.022629931569099426, 0.040847297757864, 0.04118630290031433, 0.05278439447283745, 0.05045417696237564, 0.034303486347198486, 0.047381505370140076, 0.036490313708782196, 0.04758722335100174, 0.03147316724061966, 0.04413548856973648, 0.037064533680677414, 0.05511372908949852, 0.02946057729423046, 0.03869874030351639, 0.03792254254221916, 0.03886939585208893, 0.020684266462922096, 0.029299357905983925, 0.025595247745513916, 0.03577108681201935, 0.03500672057271004, 0.01963350735604763, 0.037744998931884766, 0.021757638081908226, 0.04265477880835533, 0.03646383434534073, 0.04169074445962906, 0.025656690821051598, 0.07106059789657593, 0.026377666741609573, 0.03368416428565979, 0.05105486884713173, 0.03637591749429703, 0.030318904668092728, 0.02586246468126774, 0.03291555866599083, 0.034154511988162994, 0.016983816400170326, 0.045376237481832504, 0.04060560092329979, 0.030144354328513145, 0.02966139279305935, 0.04570025950670242, 0.03328694775700569, 0.025647953152656555, 0.03210075944662094, 0.05593504756689072, 0.04505784437060356, 0.024676093831658363, 0.04936566576361656, 0.05160608887672424, 0.037991899996995926, 0.022835325449705124, 0.049859751015901566, 0.027952082455158234, 0.016018738970160484, 0.035515520721673965, 0.020203107967972755, 0.03144541382789612, 0.020228777080774307, 0.02434796467423439, 0.022117726504802704, 0.015168379060924053, 0.037307243794202805, 0.025526804849505424, 0.0371730737388134, 0.04487676918506622, 0.02156289666891098, 0.01945466361939907, 0.019951198250055313, 0.015278269536793232, 0.029301133006811142, 0.03206831216812134, 0.03162531927227974, 0.03559386730194092, 0.02236861363053322, 0.015306462533771992, 0.021646009758114815],