{"loss": [1.3385721445083618, 0.9338761568069458, 0.8358975648880005, 0.7806198000907898, 0.7331848740577698, 0.7070870399475098, 0.6744697690010071, 0.658866286277771, 0.630664587020874, 0.6083534955978394, 0.5892305374145508, 0.5788141489028931, 0.5635256767272949, 0.5497230887413025, 0.5371541380882263, 0.5346272587776184, 0.5187718272209167, 0.5111454725265503, 0.5012341141700745, 0.4801376461982727, 0.4760904312133789, 0.4678136110305786, 0.4624791443347931, 0.45752039551734924, 0.4418722987174988, 0.4444427490234375, 0.43183329701423645, 0.4244200587272644, 0.4160071015357971, 0.4161575734615326, 0.41353723406791687, 0.4069485664367676, 0.3846229016780853, 0.39209288358688354, 0.3918216824531555, 0.39007624983787537, 0.3747878968715668, 0.38103559613227844, 0.37645116448402405, 0.3640121817588806, 0.36031171679496765, 0.36964184045791626, 0.3567129969596863, 0.35045507550239563, 0.3473484516143799, 0.3383195400238037, 0.33890098333358765, 0.34134286642074585, 0.33708634972572327, 0.3297424614429474, 0.33539432287216187, 0.3244101405143738, 0.31649935245513916, 0.31534942984580994, 0.3093990683555603, 0.3170616030693054, 0.3180098831653595, 0.30946603417396545, 0.31243476271629333, 0.30434539914131165, 0.29760539531707764, 0.30991631746292114, 0.2997981607913971, 0.2850164771080017, 0.2870928645133972, 0.2886594235897064, 0.29993873834609985, 0.2834591567516327, 0.274387925863266, 0.2676185667514801, 0.2882947027683258, 0.2832821309566498, 0.2726834714412689, 0.27568164467811584, 0.26791590452194214, 0.27812644839286804, 0.27620092034339905, 0.2610308825969696, 0.2636463940143585, 0.2599952816963196, 0.25164562463760376, 0.2601985037326813, 0.252111554145813, 0.265132337808609, 0.2585729658603668, 0.2513156831264496, 0.2502434551715851, 0.2483977973461151, 0.24870140850543976, 0.25807926058769226, 0.24648362398147583, 0.24571681022644043, 0.24776466190814972, 0.24518635869026184, 0.24235528707504272, 0.24337173998355865, 0.24055491387844086, 0.2428811937570572, 0.23818932473659515, 0.23104076087474823], "accuracy": [0.4415476322174072, 0.553690493106842, 0.611130952835083, 0.6380952596664429, 0.6697618961334229, 0.6833333373069763, 0.7028571367263794, 0.7091071605682373, 0.7215476036071777, 0.7374404668807983, 0.745119035243988, 0.7531547546386719, 0.7602381110191345, 0.763869047164917, 0.7710714340209961, 0.7730357050895691, 0.7869642972946167, 0.7830356955528259, 0.7892857193946838, 0.7992261648178101, 0.8013690710067749, 0.8063095211982727, 0.8078571557998657, 0.8086309432983398, 0.8196428418159485, 0.8180357217788696, 0.822857141494751, 0.8257142901420593, 0.8291071653366089, 0.8277975916862488, 0.831428587436676, 0.8345833420753479, 0.8451785445213318, 0.8460714221000671, 0.8426190614700317, 0.8444047570228577, 0.8499404788017273, 0.8473214507102966, 0.8513095378875732, 0.8552380800247192, 0.8544642925262451, 0.8500595092773438, 0.8593452572822571, 0.8634523749351501, 0.8622618913650513, 0.866190493106842, 0.864642858505249, 0.866011917591095, 0.8649404644966125, 0.8720238208770752, 0.8704166412353516, 0.8739880919456482, 0.8758928775787354, 0.8767262101173401, 0.8764285445213318, 0.8729166388511658, 0.8760119080543518, 0.8794642686843872, 0.8793452382087708, 0.878333330154419, 0.8862500190734863, 0.8808928728103638, 0.883392870426178, 0.89041668176651, 0.8898809552192688, 0.8872619271278381, 0.8808928728103638, 0.8883333206176758, 0.8924404978752136, 0.8972023725509644, 0.8892261981964111, 0.8912500143051147, 0.8974999785423279, 0.8952381014823914, 0.8939880728721619, 0.8921428322792053, 0.8956547379493713, 0.8988690376281738, 0.8948214054107666, 0.8997023701667786, 0.9018452167510986, 0.9013095498085022, 0.9020833373069763, 0.8973809480667114, 0.9039285778999329, 0.9045833349227905, 0.9036309719085693, 0.9053571224212646, 0.9064881205558777, 0.9032738208770752, 0.9077380895614624, 0.9048214554786682, 0.9072619080543518, 0.9061309695243835, 0.9059523940086365, 0.9069047570228577, 0.9073809385299683, 0.9086309671401978, 0.9087499976158142, 0.912678599357605], "val_loss": [1.0483256578445435, 0.9508445858955383, 0.8289310932159424, 0.7316011786460876, 0.7705167531967163, 0.6751331686973572, 0.6513185501098633, 0.6931707262992859, 0.6199094653129578, 0.5887625813484192, 0.6772709488868713, 0.6187280416488647, 0.5836493372917175, 0.5742436647415161, 0.5445787310600281, 0.5586958527565002, 0.5697188973426819, 0.5458524823188782, 0.5222821235656738, 0.5354292392730713, 0.5482995510101318, 0.5140012502670288, 0.5535281300544739, 0.5552030801773071, 0.5244702100753784, 0.5058936476707458, 0.5259133577346802, 0.4663323163986206, 0.575718343257904, 0.5059180855751038, 0.45038652420043945, 0.45890122652053833, 0.47513607144355774, 0.4829663336277008, 0.40491679310798645, 0.5091140270233154, 0.4045839309692383, 0.4127400517463684, 0.4119284152984619, 0.40074995160102844, 0.4132729768753052, 0.43146219849586487, 0.39013925194740295, 0.46581852436065674, 0.387149840593338, 0.38517439365386963, 0.41551345586776733, 0.43860793113708496, 0.4110866189002991, 0.3985000550746918, 0.3870612680912018, 0.3929709494113922, 0.3936292231082916, 0.36432307958602905, 0.3605784475803375, 0.3492916524410248, 0.36770427227020264, 0.3662138879299164, 0.3683842420578003, 0.3360198736190796, 0.37200427055358887, 0.3519357144832611, 0.3336047828197479, 0.3889220356941223, 0.3657345175743103, 0.3315189778804779, 0.3397095799446106, 0.3468787372112274, 0.39031270146369934, 0.4236065745353699, 0.35141047835350037, 0.33598873019218445, 0.32063987851142883, 0.3580707013607025, 0.3544972538948059, 0.3259112536907196, 0.3163183927536011, 0.397107869386673, 0.3207286298274994, 0.3428804874420166, 0.3236064314842224, 0.33596372604370117, 0.38234326243400574, 0.3183702528476715, 0.38747909665107727, 0.33618783950805664, 0.3028283715248108, 0.32593661546707153, 0.39360836148262024, 0.4063371419906616, 0.2898188531398773, 0.3118460774421692, 0.3169974684715271, 0.2962821125984192, 0.34354403614997864, 0.29703444242477417, 0.3455168306827545, 0.3153339624404907, 0.30025753378868103, 0.29991164803504944],