{"loss": [0.685332715511322, 0.5263273119926453, 0.44417279958724976, 0.3724570870399475, 0.3064083456993103, 0.26061341166496277, 0.22811521589756012, 0.20377399027347565, 0.17977790534496307, 0.16025808453559875, 0.14333204925060272, 0.12922778725624084, 0.11827732622623444, 0.10685643553733826, 0.09751655906438828, 0.08884182572364807, 0.08204808086156845, 0.07662059366703033, 0.07005216181278229, 0.06491704285144806, 0.060785334557294846, 0.05700815096497536, 0.053640615195035934, 0.05307777598500252, 0.05219193175435066, 0.04562755674123764, 0.043280571699142456, 0.04379187151789665, 0.043389879167079926, 0.041143275797367096, 0.03807356208562851, 0.03417111560702324, 0.032736629247665405, 0.030959198251366615, 0.028677841648459435, 0.029614189639687538, 0.026770619675517082, 0.027472155168652534, 0.024687815457582474, 0.058399710804224014, 0.10239940881729126, 0.1377306878566742, 0.08703600615262985, 0.059637174010276794, 0.05444318428635597, 0.05089850351214409, 0.04811914265155792, 0.04610966891050339, 0.04437451437115669, 0.04258694499731064, 0.04122280701994896, 0.03924817591905594, 0.03717787563800812, 0.03507872670888901, 0.03345908224582672, 0.03175169229507446, 0.030676059424877167, 0.02946172095835209, 0.028579983860254288, 0.027801701799035072, 0.02700328268110752, 0.026125658303499222, 0.025550514459609985, 0.025021979585289955, 0.0246991366147995, 0.023983513936400414, 0.024458838626742363, 0.025296594947576523, 0.023526199162006378, 0.02654499001801014, 0.02742498554289341, 0.022831542417407036, 0.025185925886034966, 0.02162962406873703, 0.029373448342084885, 0.0209934264421463, 0.021718189120292664, 0.02202327363193035, 0.023722004145383835, 0.024575015529990196, 0.022961677983403206, 0.023451654240489006, 0.025172419846057892, 0.022968096658587456, 0.02912154607474804, 0.025940094143152237, 0.0281833503395319, 0.0254929531365633, 0.023929841816425323, 0.02136903442442417, 0.023102128878235817, 0.020010139793157578, 0.02279828116297722, 0.0188915878534317, 0.024253714829683304, 0.027538007125258446, 0.029410412535071373, 0.022537441924214363, 0.0367620550096035, 0.018802303820848465], "accuracy": [0.6198439002037048, 0.7477145791053772, 0.8122630715370178, 0.8508360981941223, 0.8927536010742188, 0.9094760417938232, 0.9219620823860168, 0.9311037063598633, 0.9406911730766296, 0.9469342231750488, 0.9537346959114075, 0.9588629007339478, 0.9630992412567139, 0.9678930044174194, 0.9711259603500366, 0.974916398525238, 0.9768115878105164, 0.9789297580718994, 0.9818283319473267, 0.9826086759567261, 0.9845039248466492, 0.9853957891464233, 0.9866220951080322, 0.9860646724700928, 0.9867335557937622, 0.9888517260551453, 0.9903010129928589, 0.98907470703125, 0.9889631867408752, 0.9896321296691895, 0.9901894927024841, 0.9911928772926331, 0.9919732213020325, 0.9915273189544678, 0.9923076629638672, 0.9923076629638672, 0.9927536249160767, 0.9927536249160767, 0.9934225082397461, 0.9798216223716736, 0.9633221626281738, 0.9521738886833191, 0.975027859210968, 0.9874024391174316, 0.9881828427314758, 0.9897435903549194, 0.9897435903549194, 0.9901894927024841, 0.9904124736785889, 0.9907469153404236, 0.9908584356307983, 0.9911928772926331, 0.9917502999305725, 0.9919732213020325, 0.9917502999305725, 0.9928650856018066, 0.9930880665779114, 0.9930880665779114, 0.9934225082397461, 0.9936454892158508, 0.9939799308776855, 0.9940913915634155, 0.994425892829895, 0.9942029118537903, 0.9940913915634155, 0.9942029118537903, 0.9936454892158508, 0.9936454892158508, 0.9939799308776855, 0.9916387796401978, 0.9924191832542419, 0.9938684701919556, 0.9927536249160767, 0.9942029118537903, 0.9916387796401978, 0.9958751201629639, 0.9952062368392944, 0.9950947761535645, 0.9943143725395203, 0.9929766058921814, 0.9930880665779114, 0.9934225082397461, 0.9919732213020325, 0.9925306439399719, 0.9917502999305725, 0.9929766058921814, 0.9921962022781372, 0.9923076629638672, 0.9935340285301208, 0.994537353515625, 0.9928650856018066, 0.9949832558631897, 0.9926421642303467, 0.9955406785011292, 0.9915273189544678, 0.9903010129928589, 0.9904124736785889, 0.9933110475540161, 0.9877368807792664, 0.9952062368392944], "val_loss": [0.6325125694274902, 0.5394899249076843, 0.4458044767379761, 0.32004082202911377, 0.276502788066864, 0.25449416041374207, 0.23369348049163818, 0.2185433804988861, 0.17960479855537415, 0.17975260317325592, 0.14904025197029114, 0.14285515248775482, 0.1318126767873764, 0.11681141704320908, 0.1068916842341423, 0.09503941982984543, 0.08467096835374832, 0.07948442548513412, 0.07124604284763336, 0.0652463510632515, 0.06202763691544533, 0.06044634431600571, 0.06252403557300568, 0.0761168971657753, 0.055586256086826324, 0.054730385541915894, 0.05820746719837189, 0.0641229972243309, 0.04802241176366806, 0.04380246624350548, 0.04309455677866936, 0.04506766051054001, 0.05887531489133835, 0.05779600515961647, 0.03839971497654915, 0.04427121579647064, 0.03610272705554962, 0.035872265696525574, 0.04114563390612602, 0.20378990471363068, 0.34773775935173035, 0.1809169054031372, 0.08079445362091064, 0.07310540974140167, 0.07007686048746109, 0.06974048912525177, 0.06874946504831314, 0.07049871236085892, 0.07151482254266739, 0.07126453518867493, 0.06805164366960526, 0.05882219597697258, 0.052512239664793015, 0.04280339926481247, 0.043935585767030716, 0.03774043545126915, 0.036911677569150925, 0.03388923779129982, 0.03272140398621559, 0.03338795527815819, 0.0310672577470541, 0.0336725115776062, 0.030252601951360703, 0.03777902573347092, 0.03494546189904213, 0.04745369032025337, 0.06105078384280205, 0.035233624279499054, 0.07318917661905289, 0.09142348915338516, 0.031164787709712982, 0.07929223775863647, 0.04534950107336044, 0.09378807246685028, 0.028604015707969666, 0.027443623170256615, 0.02742885984480381, 0.03517243266105652, 0.03931206837296486, 0.05353686213493347, 0.04160403460264206, 0.08442898094654083, 0.05318314954638481, 0.09512829035520554, 0.03637581318616867, 0.07199236005544662, 0.06749546527862549, 0.04327794164419174, 0.056003473699092865, 0.023611553013324738, 0.026037849485874176, 0.029438162222504616, 0.023627031594514847, 0.030526116490364075, 0.0281981211155653, 0.03235757723450661, 0.059257399290800095, 0.026996346190571785, 0.023850614205002785, 0.031066693365573883],