{"loss": [1.1810963153839111, 1.0982775688171387, 1.0881403684616089, 1.0833735466003418, 1.08415687084198, 1.0800971984863281, 1.0769035816192627, 1.071155071258545, 1.070098876953125, 1.0812166929244995, 1.0740923881530762, 1.0671268701553345, 1.061479926109314, 1.0546112060546875, 1.0463571548461914, 1.0409448146820068, 1.0340197086334229, 1.0314390659332275, 1.0142552852630615, 1.0054161548614502, 1.0014592409133911, 0.9939317107200623, 0.9927855134010315, 0.9853614568710327, 0.9764542579650879, 0.973895251750946, 0.9728473424911499, 0.9673027396202087, 0.9574077129364014, 0.9516087770462036, 0.9510580897331238, 0.9868516325950623, 0.9725649356842041, 0.9572195410728455, 0.9750875234603882, 0.9548645615577698, 0.9533032774925232, 0.9468197226524353, 0.9415916800498962, 0.9356107115745544, 0.93392014503479, 0.9300016760826111, 0.927215039730072, 0.9213658571243286, 0.9201511740684509, 0.9151028394699097, 0.9114555716514587, 0.9071553349494934, 0.9069805145263672, 0.9052799940109253, 0.9007900953292847, 0.8945208191871643, 0.8938276171684265, 0.8918882012367249, 0.8933496475219727, 0.8858830332756042, 0.8867610096931458, 0.8833975195884705, 0.8785374760627747, 0.8742915987968445, 0.8748946189880371, 0.8812563419342041, 0.8680431842803955, 0.8678586483001709, 0.8660830855369568, 0.8637147545814514, 0.8628060221672058, 0.8694499731063843, 0.8555408120155334, 0.858116626739502, 0.8542768359184265, 0.8552649021148682, 0.8509054183959961, 0.8492316603660583, 0.8558192849159241, 0.8476710915565491, 0.844798743724823, 0.8437747955322266, 0.8419759273529053, 0.8439409136772156, 0.8381736278533936, 0.8367011547088623, 0.8337934613227844, 0.8327478766441345, 0.8376916646957397, 0.8311918377876282, 0.8437407612800598, 0.8306504487991333, 0.8344951272010803, 0.8287807106971741, 0.825697124004364, 0.8279072046279907, 0.8208816051483154, 0.8210750222206116, 0.8193967342376709, 0.8280841708183289, 0.8203909993171692, 0.8157921433448792, 0.8138274550437927, 0.8109706044197083], "accuracy": [0.3529762029647827, 0.365535706281662, 0.3772023916244507, 0.3859523832798004, 0.3839285671710968, 0.392380952835083, 0.3933333456516266, 0.41184523701667786, 0.41059523820877075, 0.39500001072883606, 0.40559524297714233, 0.41499999165534973, 0.4179762005805969, 0.42851191759109497, 0.4408928453922272, 0.4401785731315613, 0.4507142901420593, 0.45428571105003357, 0.4737499952316284, 0.48547619581222534, 0.48380953073501587, 0.4955357015132904, 0.4939880967140198, 0.4977380931377411, 0.5096428394317627, 0.511904776096344, 0.5108333230018616, 0.5145833492279053, 0.5226190686225891, 0.5288095474243164, 0.5304166674613953, 0.49958333373069763, 0.5079166889190674, 0.5235714316368103, 0.5089285969734192, 0.5280952453613281, 0.5288095474243164, 0.5330356955528259, 0.5379166603088379, 0.5412499904632568, 0.541785717010498, 0.5476190447807312, 0.5467261672019958, 0.5538690686225891, 0.553928554058075, 0.5550000071525574, 0.5564285516738892, 0.5631547570228577, 0.5622618794441223, 0.5606547594070435, 0.5652976036071777, 0.5698809623718262, 0.5700595378875732, 0.5687500238418579, 0.5711309313774109, 0.5716666579246521, 0.5720833539962769, 0.5786904692649841, 0.5802381038665771, 0.5814880728721619, 0.5836309790611267, 0.5758928656578064, 0.5868452191352844, 0.585178554058075, 0.587321400642395, 0.588869035243988, 0.5883928537368774, 0.5858333110809326, 0.5936904549598694, 0.591785728931427, 0.595714271068573, 0.5941666960716248, 0.5960118770599365, 0.5976190567016602, 0.5924999713897705, 0.5977380871772766, 0.6019642949104309, 0.6020833253860474, 0.6045833230018616, 0.6009523868560791, 0.6069047451019287, 0.6089881062507629, 0.60916668176651, 0.6100000143051147, 0.6057738065719604, 0.611130952835083, 0.600773811340332, 0.6111904978752136, 0.6031547784805298, 0.6113095283508301, 0.6141071319580078, 0.6098809242248535, 0.6154166460037231, 0.6163690686225891, 0.6182143092155457, 0.6098214387893677, 0.6142261624336243, 0.6200000047683716, 0.6222023963928223, 0.625], "val_loss": [1.096668004989624, 1.0860551595687866, 1.0782455205917358, 1.0752474069595337, 1.0783112049102783, 1.0816831588745117, 1.0775997638702393, 1.0785032510757446, 1.0846669673919678, 1.0717730522155762, 1.0773411989212036, 1.059489369392395, 1.0521420240402222, 1.0610820055007935, 1.0357247591018677, 1.052761197090149, 1.059061884880066, 1.036834716796875, 1.024397850036621, 1.02339768409729, 1.0056195259094238, 1.0065321922302246, 1.0277771949768066, 1.0183594226837158, 0.9853307604789734, 1.0097085237503052, 0.9954002499580383, 0.9793457984924316, 0.9668573141098022, 0.9741730690002441, 1.0098804235458374, 0.9904838800430298, 0.9857332110404968, 0.9584571719169617, 0.9728215932846069, 0.994186520576477, 0.9730678796768188, 0.9688068628311157, 0.967491090297699, 0.9696681499481201, 0.9683427214622498, 0.9544039368629456, 0.9484862089157104, 0.947342574596405, 0.948556661605835, 0.9549674391746521, 0.9416999816894531, 0.9366514086723328, 0.9461074471473694, 0.9378352761268616, 0.9352543950080872, 0.9299408197402954, 0.9281284213066101, 0.9304476976394653, 0.927474856376648, 0.9285768866539001, 0.9433895349502563, 0.9228048324584961, 0.9182024002075195, 0.9202777743339539, 0.9370049834251404, 0.9145671725273132, 0.9134089350700378, 0.9169051051139832, 0.9142971634864807, 0.9123002290725708, 0.9125809073448181, 0.909724235534668, 0.9258884191513062, 0.9148531556129456, 0.9095779657363892, 0.9053941965103149, 0.9047482013702393, 0.9056476354598999, 0.9018747210502625, 0.9090020656585693, 0.90640789270401, 0.9069793224334717, 0.9034600853919983, 0.9017186164855957, 0.9090101718902588, 0.9092022776603699, 0.9011290669441223, 0.9065797328948975, 0.902319610118866, 0.9058970212936401, 0.9012179374694824, 0.9061017632484436, 0.9030577540397644, 0.9001173377037048, 0.8940736055374146, 0.898993968963623, 0.8974106907844543, 0.8976978063583374, 0.9086938500404358, 0.8963533639907837, 0.8974481821060181, 0.890787661075592, 0.8912831544876099, 0.8968955278396606], "val_accuracy": [0.34857141971588135, 0.3873809576034546, 0.392380952835083, 0.4109523892402649, 0.398333340883255, 0.39690476655960083, 0.404285728931427, 0.39690476655960083, 0.375, 0.41238096356391907, 0.40095236897468567, 0.43166667222976685, 0.4352380931377411, 0.40857142210006714, 0.46095237135887146, 0.4109523892402649, 0.404285728931427, 0.43761906027793884, 0.46166667342185974, 0.4583333432674408, 0.47928571701049805, 0.48357143998146057, 0.4573809504508972, 0.46738094091415405, 0.5038095116615295, 0.4807142913341522, 0.49666666984558105, 0.5107142925262451, 0.5121428370475769, 0.508809506893158, 0.4833333194255829, 0.5016666650772095, 0.5016666650772095, 0.5169047713279724, 0.5128571391105652, 0.48595237731933594, 0.5111904740333557, 0.5180952548980713, 0.520714282989502, 0.5166666507720947, 0.5171428322792053, 0.5273809432983398, 0.5285714268684387, 0.5350000262260437, 0.5259523987770081, 0.5249999761581421, 0.5364285707473755, 0.5400000214576721, 0.5309523940086365, 0.538095235824585, 0.5392857193946838, 0.5421428680419922, 0.5454761981964111, 0.5447618961334229, 0.5426190495491028, 0.5478571653366089, 0.5335714221000671, 0.550000011920929, 0.5502380728721619, 0.550000011920929, 0.5319047570228577, 0.5580952167510986, 0.5523809790611267, 0.5516666769981384, 0.5530952215194702, 0.5530952215194702, 0.5552380681037903, 0.555476188659668, 0.5471428632736206, 0.5526190400123596, 0.5578571557998657, 0.5588095188140869, 0.5621428489685059, 0.5590476393699646, 0.564047634601593, 0.5611904859542847, 0.5580952167510986, 0.5604761838912964, 0.5604761838912964, 0.5611904859542847, 0.5621428489685059, 0.5621428489685059, 0.5676190257072449, 0.561904788017273, 0.5661904811859131, 0.558571457862854, 0.563095211982727, 0.558571457862854, 0.5678571462631226, 0.5659523606300354, 0.5740476250648499, 0.5680952668190002, 0.5645238161087036, 0.5683333277702332, 0.5628571510314941, 0.5716666579246521, 0.566428542137146, 0.5680952668190002, 0.5742856860160828, 0.5676190257072449]}