{"loss": [0.05977386608719826, 0.012185604311525822, 0.010447904467582703, 0.01665649190545082, 0.006054814904928207, 0.0023565953597426414, 0.0071005490608513355, 0.0011004728730767965, 0.0013167556608095765, 0.0018444410525262356, 0.0011652077082544565, 0.025503741577267647, 0.004467114806175232, 0.00798260048031807, 0.0034339146222919226, 0.0021746244747191668, 0.0009523795451968908, 0.0011827483540400863, 0.0006803094292990863, 0.0004320195293985307, 0.0008069376344792545, 0.0001030493585858494, 5.054737630416639e-05, 0.00028403676697053015, 0.0010790994856506586, 0.0002278637111885473, 0.00019042755593545735, 0.0004257202090229839, 0.0001411073317285627, 0.00042331547592766583, 0.0010059758787974715, 0.0017379082273691893, 0.0048323520459234715, 0.0011870997259393334, 0.00013787772331852466, 7.806350913597271e-05, 0.0015772351762279868, 0.008668455295264721, 0.01531053613871336, 0.0021997930016368628, 0.0004775887355208397, 0.0012444558087736368, 0.001010904205031693, 0.00020469259470701218, 4.505220931605436e-05, 0.0008566761971451342, 5.841317761223763e-05, 0.0004448718682397157, 0.0019619790837168694, 0.00042342388769611716, 0.0010919711785390973, 0.0005621562013402581, 0.0011883864644914865, 0.0002528236072976142, 0.00020749756367877126, 0.00017541181296110153, 5.029997919336893e-05, 0.0006442319136112928, 0.0005235114367678761, 0.00018403773719910532, 1.027344296744559e-05, 4.7233446821337566e-05, 5.2949690143577754e-05, 4.4249136408325285e-05, 0.0009143425268121064, 0.0003538154123816639, 5.640314338961616e-05, 1.9364148101885803e-05, 3.0494634302158374e-06, 0.0001986549759749323, 0.0004375783319119364, 0.0004254935192875564, 0.0018494222313165665, 0.0015641481149941683, 0.0035136539954692125, 0.009386192075908184, 0.0024672800209373236, 0.0005522302817553282, 0.0003856955445371568, 0.0008193349931389093, 0.00017613329691812396, 0.00016214032075367868, 0.0027743098326027393, 0.004286295268684626, 0.00045020185643807054, 0.0008295354782603681, 0.00026472110766917467, 0.001874412759207189, 0.00034643005346879363, 0.0005110764177516103, 0.00038955488707870245, 0.0001505883556092158, 0.0002296783495694399, 0.0013169581070542336, 0.0002248778910143301, 0.0020045372657477856, 0.00016486289678141475, 0.0009237293852493167, 4.699803685070947e-05, 0.00022541533689945936], "accuracy": [0.9781494140625, 0.9965440630912781, 0.9959866404533386, 0.9960981011390686, 0.9984392523765564, 0.9986622333526611, 0.9984392523765564, 0.9993311166763306, 0.9996655583381653, 0.9992195963859558, 0.9997770190238953, 0.9958751201629639, 0.9988851547241211, 0.9982162714004517, 0.9993311166763306, 0.9994425773620605, 0.9996655583381653, 0.9997770190238953, 0.9996655583381653, 0.99988853931427, 0.99988853931427, 1.0, 1.0, 0.99988853931427, 0.9993311166763306, 0.99988853931427, 0.99988853931427, 0.9997770190238953, 1.0, 0.99988853931427, 0.9995540976524353, 0.9995540976524353, 0.9987736940383911, 0.9997770190238953, 1.0, 1.0, 0.9996655583381653, 0.9986622333526611, 0.9974358677864075, 0.9993311166763306, 0.9997770190238953, 0.9995540976524353, 0.99988853931427, 1.0, 1.0, 0.9996655583381653, 1.0, 0.9997770190238953, 0.9989966750144958, 0.9997770190238953, 0.9995540976524353, 0.9996655583381653, 0.9993311166763306, 0.99988853931427, 0.99988853931427, 1.0, 1.0, 0.99988853931427, 0.9997770190238953, 1.0, 1.0, 1.0, 1.0, 1.0, 0.9996655583381653, 0.99988853931427, 1.0, 1.0, 1.0, 0.99988853931427, 0.9997770190238953, 0.9997770190238953, 0.9997770190238953, 0.9993311166763306, 0.9991081357002258, 0.9981048107147217, 0.9991081357002258, 0.9997770190238953, 0.99988853931427, 0.9996655583381653, 0.99988853931427, 0.99988853931427, 0.9995540976524353, 0.9994425773620605, 0.99988853931427, 0.9997770190238953, 0.99988853931427, 0.9996655583381653, 0.9997770190238953, 0.99988853931427, 0.99988853931427, 1.0, 0.99988853931427, 0.9995540976524353, 0.99988853931427, 0.9997770190238953, 0.99988853931427, 0.9996655583381653, 1.0, 0.9997770190238953], "val_loss": [0.014485957100987434, 0.015484863892197609, 0.0021772480104118586, 0.0025252450723201036, 0.0009440488647669554, 0.0012357892701402307, 0.001202140236273408, 0.0016949144192039967, 0.010699011385440826, 0.0005947356694377959, 0.0012543497141450644, 0.031033188104629517, 0.0004429466207511723, 0.0011200050357729197, 0.0017083314014598727, 0.0014427636051550508, 0.00239068572409451, 3.506786379148252e-05, 8.119644917314872e-06, 0.0003928231599275023, 0.0005365699180401862, 3.742248736671172e-05, 2.3809068807167932e-05, 0.0008159789140336215, 1.3413585293164942e-05, 6.164902060845634e-06, 1.2061899724358227e-05, 9.737421351019293e-06, 1.20396734928363e-05, 5.408032666309737e-05, 0.00024724830291233957, 0.00021039041166659445, 0.004035306163132191, 0.00019702005374711007, 0.00036526069743558764, 2.2247357264859602e-05, 0.00016381875320803374, 0.004833118058741093, 0.010772014036774635, 0.0026618773117661476, 0.0005499751423485577, 0.0010753498645499349, 0.0009047301136888564, 0.00028317770920693874, 0.00022769160568714142, 2.1692709196940996e-05, 4.343043110566214e-05, 4.561408786685206e-05, 0.0012458962155506015, 0.0014371128054335713, 0.005991817452013493, 0.01682472415268421, 4.6811630454612896e-05, 2.479025852153427e-06, 3.0855014756525634e-06, 6.819580903538736e-06, 1.3317517186806072e-06, 0.0014722333289682865, 0.021335918456315994, 2.0251714886398986e-05, 9.8883974715136e-06, 1.0432756425871048e-05, 3.6883413940813625e-06, 2.2542917577084154e-06, 0.00023286107170861214, 0.00032462782110087574, 1.301416978094494e-05, 8.885506758815609e-06, 2.308893635927234e-05, 0.00522248912602663, 0.001434296602383256, 0.0007000085315667093, 0.006771246436983347, 0.007833186537027359, 0.01276013907045126, 0.0005284522194415331, 0.000231168742175214, 0.003279211465269327, 5.603103090834338e-06, 8.650063136883546e-07, 5.580671427196648e-07, 3.274470873293467e-05, 2.517762186471373e-05, 0.0008744072401896119, 0.00021401961566880345, 0.0009051102097146213, 4.557949523587013e-06, 0.00207442045211792, 6.403491170203779e-06, 0.0022018977906554937, 0.0002408323489362374, 0.0015574982389807701, 4.548004199023126e-06, 3.5245913750259206e-05, 1.7651396774454042e-05, 1.9109167624264956e-05, 2.4442375433864072e-05, 0.0001350930833723396, 0.00011967292812187225, 0.00012481935846153647], "val_accuracy": [0.997769832611084, 0.9950936436653137, 0.9995539784431458, 0.9986619353294373, 1.0, 0.9991079568862915, 0.9991079568862915, 0.9991079568862915, 0.997769832611084, 0.9995539784431458, 0.9995539784431458, 0.9924174547195435, 0.9995539784431458, 0.9995539784431458, 0.9991079568862915, 0.9991079568862915, 0.9986619353294373, 1.0, 1.0, 0.9995539784431458, 0.9995539784431458, 1.0, 1.0, 0.9995539784431458, 1.0, 1.0, 1.0, 1.0, 1.0, 1.0, 1.0, 1.0, 0.9991079568862915, 1.0, 0.9995539784431458, 1.0, 1.0, 0.997769832611084, 0.9986619353294373, 0.9991079568862915, 1.0, 0.9995539784431458, 0.9995539784431458, 1.0, 1.0, 1.0, 1.0, 1.0, 0.9995539784431458, 0.9991079568862915, 0.9986619353294373, 0.9964317679405212, 1.0, 1.0, 1.0, 1.0, 1.0, 0.9995539784431458, 0.9973238110542297, 1.0, 1.0, 1.0, 1.0, 1.0, 1.0, 1.0, 1.0, 1.0, 1.0, 0.9986619353294373, 0.9995539784431458, 0.9995539784431458, 0.997769832611084, 0.9982158541679382, 0.997769832611084, 0.9995539784431458, 1.0, 0.9995539784431458, 1.0, 1.0, 1.0, 1.0, 1.0, 0.9991079568862915, 1.0, 0.9995539784431458, 1.0, 0.9995539784431458, 1.0, 0.9995539784431458, 1.0, 0.9995539784431458, 1.0, 1.0, 1.0, 1.0, 1.0, 1.0, 1.0, 1.0]}