{"loss": [0.7885605096817017, 0.5186874270439148, 0.423565536737442, 0.3735521733760834, 0.3462488353252411, 0.3250356614589691, 0.29678234457969666, 0.29592546820640564, 0.272411584854126, 0.26083385944366455, 0.25279632210731506, 0.2378428876399994, 0.2357003539800644, 0.22840546071529388, 0.21303270757198334, 0.21925002336502075, 0.2086094468832016, 0.2030518501996994, 0.18685191869735718, 0.19673150777816772, 0.19246385991573334, 0.18046212196350098, 0.18212774395942688, 0.17997492849826813, 0.16095082461833954, 0.1674218773841858, 0.16468776762485504, 0.15733447670936584, 0.1597130000591278, 0.1518198400735855, 0.1548677533864975, 0.15024566650390625, 0.13934588432312012, 0.15078119933605194, 0.15388430655002594, 0.14068856835365295, 0.13557688891887665, 0.14266133308410645, 0.1381685435771942, 0.1407291144132614, 0.13205890357494354, 0.13563872873783112, 0.12607742846012115, 0.13141226768493652, 0.12431573122739792, 0.12800824642181396, 0.12483789771795273, 0.1283772587776184, 0.12193828076124191, 0.1211041584610939, 0.11644526571035385, 0.11707053333520889, 0.11270835995674133, 0.11632873862981796, 0.11933374404907227, 0.11157113313674927, 0.11521609872579575, 0.10478845983743668, 0.10634690523147583, 0.10395195335149765, 0.10414739698171616, 0.0988401547074318, 0.10716650635004044, 0.09660074859857559, 0.0993318259716034, 0.09437068551778793, 0.10192487388849258, 0.09290032833814621, 0.09769128262996674, 0.10029196739196777, 0.09383489191532135, 0.0963170975446701, 0.09124237298965454, 0.09060574322938919, 0.09924732893705368, 0.09729589521884918, 0.09767775237560272, 0.09538327157497406, 0.09453338384628296, 0.08746620267629623, 0.08179793506860733, 0.09398511797189713, 0.07991911470890045, 0.0815630629658699, 0.09365760535001755, 0.08241267502307892, 0.08556491136550903, 0.08776026219129562, 0.08289948850870132, 0.08518218249082565, 0.08353447169065475, 0.09070637077093124, 0.08343348652124405, 0.08650967478752136, 0.08600962162017822, 0.07458091527223587, 0.0783323124051094, 0.08858249336481094, 0.08233799785375595, 0.08099112659692764], "accuracy": [0.661517858505249, 0.7606250047683716, 0.8034821152687073, 0.8267857432365417, 0.8443750143051147, 0.8580357432365417, 0.8669642806053162, 0.8728571534156799, 0.8818749785423279, 0.8897321224212646, 0.8885714411735535, 0.8989285826683044, 0.9004464149475098, 0.9054464101791382, 0.9100893139839172, 0.9079464077949524, 0.9133928418159485, 0.9169642925262451, 0.9232142567634583, 0.920714259147644, 0.923035740852356, 0.9273214340209961, 0.926964282989502, 0.9263392686843872, 0.9353571534156799, 0.9328571557998657, 0.9338392615318298, 0.936339259147644, 0.9358928799629211, 0.940625011920929, 0.9373214244842529, 0.9398214221000671, 0.9453571438789368, 0.940803587436676, 0.9402678608894348, 0.9433035850524902, 0.9457142949104309, 0.9441964030265808, 0.9474107027053833, 0.9443749785423279, 0.9477678537368774, 0.9475892782211304, 0.949999988079071, 0.949999988079071, 0.9533928632736206, 0.9503571391105652, 0.951964259147644, 0.9507142901420593, 0.9536607265472412, 0.9530357122421265, 0.9541964530944824, 0.9558928608894348, 0.9558928608894348, 0.9541071653366089, 0.9551785588264465, 0.9574999809265137, 0.9551785588264465, 0.959553599357605, 0.9576785564422607, 0.9579464197158813, 0.961517870426178, 0.9624106884002686, 0.9592857360839844, 0.9619643092155457, 0.9617857336997986, 0.9649106860160828, 0.9620535969734192, 0.9665178656578064, 0.9627678394317627, 0.9618750214576721, 0.9650892615318298, 0.9633928537368774, 0.965446412563324, 0.9666071534156799, 0.962321400642395, 0.9641964435577393, 0.9633035659790039, 0.965446412563324, 0.9640178680419922, 0.966785728931427, 0.9686607122421265, 0.9650892615318298, 0.9695535898208618, 0.9695535898208618, 0.963660717010498, 0.967589259147644, 0.9655357003211975, 0.9668750166893005, 0.9681249856948853, 0.9674999713897705, 0.9689285755157471, 0.9665178656578064, 0.9689285755157471, 0.9680356979370117, 0.9692857265472412, 0.9702678322792053, 0.9700000286102295, 0.9680356979370117, 0.9694643020629883, 0.9705356955528259], "val_loss": [0.5836629271507263, 0.510745108127594, 0.4202812910079956, 0.37369969487190247, 0.32847651839256287, 0.3247189223766327, 0.26072826981544495, 0.2754773497581482, 0.2589877247810364, 0.23012374341487885, 0.23639528453350067, 0.3428862392902374, 0.21016763150691986, 0.22874774038791656, 0.2335483878850937, 0.23331229388713837, 0.2226017713546753, 0.18982483446598053, 0.20291632413864136, 0.21305672824382782, 0.20061399042606354, 0.2168882042169571, 0.19272863864898682, 0.18432733416557312, 0.1563815176486969, 0.17813360691070557, 0.16912929713726044, 0.21784859895706177, 0.19406235218048096, 0.17344532907009125, 0.18453973531723022, 0.1738433688879013, 0.1455187052488327, 0.21931208670139313, 0.17302390933036804, 0.15814697742462158, 0.16501201689243317, 0.15663085877895355, 0.153548464179039, 0.15263955295085907, 0.14947611093521118, 0.12874658405780792, 0.1211983934044838, 0.13454954326152802, 0.1533936709165573, 0.1651124507188797, 0.13338366150856018, 0.16152215003967285, 0.15103386342525482, 0.18342378735542297, 0.13687396049499512, 0.1259208768606186, 0.1528688371181488, 0.11748182773590088, 0.17278076708316803, 0.1578555554151535, 0.13043878972530365, 0.11276978999376297, 0.15011680126190186, 0.18803386390209198, 0.1387946754693985, 0.12611085176467896, 0.12455403059720993, 0.16586782038211823, 0.1482924073934555, 0.14657460153102875, 0.15361309051513672, 0.13168516755104065, 0.13195981085300446, 0.14461149275302887, 0.13221107423305511, 0.14861775934696198, 0.14106903970241547, 0.13152359426021576, 0.12734374403953552, 0.12347462028265, 0.10953515022993088, 0.10054018348455429, 0.12071287631988525, 0.10864163190126419, 0.1065482348203659, 0.11755449324846268, 0.12813769280910492, 0.10995110869407654, 0.11881176382303238, 0.10922305285930634, 0.12796615064144135, 0.1138305589556694, 0.10801515728235245, 0.09988580644130707, 0.1269519329071045, 0.10432327538728714, 0.12487369030714035, 0.10590618848800659, 0.13035117089748383, 0.12720313668251038, 0.19140522181987762, 0.11921926587820053, 0.1120694950222969, 0.14887170493602753],