{"loss": [1.219641923904419, 1.0977280139923096, 1.0915894508361816, 1.0869977474212646, 1.0837920904159546, 1.081540822982788, 1.0788941383361816, 1.0739468336105347, 1.0713841915130615, 1.065558671951294, 1.0607281923294067, 1.0532556772232056, 1.053330898284912, 1.0460842847824097, 1.0411944389343262, 1.0384513139724731, 1.0360438823699951, 1.017897129058838, 1.009589672088623, 1.003464937210083, 1.007058024406433, 0.9975462555885315, 0.990235447883606, 0.9837719798088074, 0.9746344089508057, 0.9697113633155823, 0.9683339595794678, 0.961591362953186, 0.9564670324325562, 0.9944930076599121, 0.9822238683700562, 0.9681522250175476, 0.9615902900695801, 0.9553935527801514, 0.9589468240737915, 0.9464021325111389, 0.9429864287376404, 0.9411219358444214, 0.9342409372329712, 0.9522433876991272, 0.943039059638977, 0.9336271286010742, 0.9286995530128479, 0.9195075631141663, 0.9192680716514587, 0.9236356616020203, 0.9086465835571289, 0.9162776470184326, 0.9024454355239868, 0.9035018682479858, 0.8967298269271851, 0.9011061191558838, 0.891963541507721, 0.8864923119544983, 0.886934757232666, 0.8806911706924438, 0.8761902451515198, 0.8764329552650452, 0.8734021186828613, 0.8831232786178589, 0.8718201518058777, 0.8671391010284424, 0.8665934205055237, 0.8597522974014282, 0.8580848574638367, 0.8546801209449768, 0.8548319339752197, 0.8563784956932068, 0.8518203496932983, 0.8466180562973022, 0.8467730283737183, 0.8433403372764587, 0.8446955680847168, 0.8422239422798157, 0.842967689037323, 0.8383927345275879, 0.8363775014877319, 0.8433178067207336, 0.8308442234992981, 0.83139967918396, 0.8372356295585632, 0.8281086683273315, 0.8276777267456055, 0.8226255774497986, 0.8239030241966248, 0.8259658813476562, 0.8365015387535095, 0.8204153180122375, 0.8334397673606873, 0.8264340758323669, 0.8117436170578003, 0.812218964099884, 0.8086321949958801, 0.8110226988792419, 0.8099299669265747, 0.8104734420776367, 0.8085205554962158, 0.8097970485687256, 0.8026297688484192, 0.801226019859314], "accuracy": [0.33964285254478455, 0.3494047522544861, 0.372559517621994, 0.3884523808956146, 0.39250001311302185, 0.39970237016677856, 0.40488094091415405, 0.4124404788017273, 0.41702380776405334, 0.42321428656578064, 0.4283333420753479, 0.43559524416923523, 0.43214285373687744, 0.44404762983322144, 0.45422619581222534, 0.44952380657196045, 0.45148810744285583, 0.47208333015441895, 0.47928571701049805, 0.4873214364051819, 0.48422619700431824, 0.49047619104385376, 0.49845239520072937, 0.5062500238418579, 0.5161309242248535, 0.5203571319580078, 0.5172619223594666, 0.523809552192688, 0.5317261815071106, 0.49934524297714233, 0.5077975988388062, 0.5211904644966125, 0.5257142782211304, 0.5321428775787354, 0.5237500071525574, 0.5400000214576721, 0.5377976298332214, 0.5401190519332886, 0.5467261672019958, 0.5295237898826599, 0.5376190543174744, 0.5478571653366089, 0.549047589302063, 0.5551190376281738, 0.5569642782211304, 0.5551785826683044, 0.5645238161087036, 0.5580952167510986, 0.5699999928474426, 0.5694047808647156, 0.571071445941925, 0.5682142972946167, 0.5751785635948181, 0.5764285922050476, 0.5799404978752136, 0.582797646522522, 0.583809494972229, 0.5823809504508972, 0.5842857360839844, 0.579880952835083, 0.585178554058075, 0.5899404883384705, 0.5935118794441223, 0.5953571200370789, 0.5961904525756836, 0.5994642972946167, 0.5961904525756836, 0.5950595140457153, 0.6028571724891663, 0.6026785969734192, 0.603690505027771, 0.6026190519332886, 0.6030356884002686, 0.606249988079071, 0.605654776096344, 0.6107142567634583, 0.60916668176651, 0.6027976274490356, 0.6123214364051819, 0.6142261624336243, 0.6077380776405334, 0.6170833110809326, 0.6143452525138855, 0.619940459728241, 0.6177380681037903, 0.617976188659668, 0.606071412563324, 0.6173809766769409, 0.607619047164917, 0.6129761934280396, 0.6233928799629211, 0.6257737874984741, 0.6280952095985413, 0.623035728931427, 0.6272023916244507, 0.6254761815071106, 0.6262500286102295, 0.6242262125015259, 0.6302381157875061, 0.6305357217788696], "val_loss": [1.113202691078186, 1.0970782041549683, 1.0918147563934326, 1.0889992713928223, 1.0861101150512695, 1.099537968635559, 1.084751844406128, 1.0935322046279907, 1.0700149536132812, 1.0752100944519043, 1.0782848596572876, 1.0749707221984863, 1.070310354232788, 1.0699141025543213, 1.0412988662719727, 1.0661357641220093, 1.0458238124847412, 1.019178867340088, 1.0192089080810547, 1.0383566617965698, 1.037584900856018, 0.9989704489707947, 0.9948335289955139, 0.9906989336013794, 0.9843798875808716, 0.9896005392074585, 1.022763967514038, 0.9743152856826782, 0.9721083641052246, 1.0217994451522827, 0.9868218898773193, 0.9906647801399231, 0.9702734351158142, 1.00887131690979, 0.9868813753128052, 0.9624088406562805, 1.0033929347991943, 0.9607217907905579, 0.9834380745887756, 0.9614998698234558, 0.9899367690086365, 0.9684730768203735, 0.9524869918823242, 0.9749717116355896, 0.9539158344268799, 0.9427028894424438, 0.9677993655204773, 0.9406618475914001, 0.9689077138900757, 0.946023166179657, 0.9418036937713623, 0.9387151002883911, 0.943732738494873, 0.9416671991348267, 0.9563736915588379, 0.9530822038650513, 0.9463917016983032, 0.9598680734634399, 0.952856183052063, 0.96047043800354, 0.9475178718566895, 0.9351105093955994, 0.9385748505592346, 0.9374688863754272, 0.9424922466278076, 0.929153323173523, 0.9603101015090942, 0.9365951418876648, 0.93805992603302, 0.9353646636009216, 0.9498332142829895, 0.951816976070404, 0.920132577419281, 0.9506157636642456, 0.92707759141922, 0.9156123399734497, 0.9608588218688965, 0.9300301671028137, 0.95817631483078, 0.9344022274017334, 0.9304866790771484, 0.9315586090087891, 0.9222261905670166, 0.924107015132904, 0.9637366533279419, 0.9436106085777283, 0.9293683767318726, 0.9529990553855896, 0.9129928946495056, 0.9305924773216248, 0.9223427772521973, 0.9225866198539734, 0.9490145444869995, 0.9242430329322815, 0.9160449504852295, 0.9246220588684082, 0.9208968281745911, 0.929222822189331, 0.9292106628417969, 0.9518269896507263],