{"loss": [0.05680385231971741, 0.011543947272002697, 0.00816940888762474, 0.007020646706223488, 0.007256517186760902, 0.006463262718170881, 0.002031387761235237, 0.00461222417652607, 0.0033015047665685415, 0.007152407430112362, 0.003671559737995267, 0.0026331220287829638, 0.0019750630017369986, 0.0015572697157040238, 0.0025079853367060423, 0.0012695877812802792, 0.0034285355359315872, 0.001607171492651105, 7.52960258978419e-05, 0.0010744939791038632, 0.0003448711067903787, 0.003108995733782649, 0.009223928675055504, 0.0008999845013022423, 5.618384966510348e-05, 0.00018301034288015217, 0.0003649050777312368, 0.00035617651883512735, 0.001141122542321682, 0.0005976140964776278, 0.0018396474188193679, 0.0004885265370830894, 0.0001400837500113994, 9.202272849506699e-06, 3.1895939173409715e-05, 9.0906469267793e-05, 2.309707815584261e-05, 3.5235607356298715e-05, 4.600271859089844e-05, 6.43852899884223e-06, 3.230614311178215e-06, 7.44796034268802e-06, 1.9429104725077195e-07, 8.051897566474508e-06, 3.381753685971489e-06, 2.4396993467235006e-05, 3.819235644186847e-05, 6.046424005035078e-06, 6.024650701874634e-06, 0.0004955272888764739, 0.00011805460235336795, 0.018674220889806747, 0.009250273928046227, 0.0004966824781149626, 0.0054461099207401276, 0.005908252205699682, 0.0013854487333446741, 0.0001228867913596332, 0.0017466256394982338, 0.0010730091016739607, 0.00013886921806260943, 0.0014865592820569873, 0.0005063088610768318, 0.0005806294502690434, 1.1703938980645034e-05, 6.601538188988343e-05, 0.00015293214528355747, 1.3283406588016078e-05, 9.561106708133593e-06, 0.0005159498541615903, 3.797425233642571e-05, 0.0001414355356246233, 0.0012158408062532544, 0.0013293870724737644, 0.0013047761749476194, 0.000659941288176924, 0.0017003437969833612, 0.00046463459148071706, 2.965640669572167e-05, 5.624134473691811e-07, 6.037275397829944e-06, 2.056039375020191e-05, 0.0002899821847677231, 7.015783921815455e-06, 1.390475404150493e-06, 7.580662781947467e-07, 8.560561582271475e-06, 2.924499312939588e-06, 1.4101336091698613e-05, 2.190943450841587e-05, 0.012237931601703167, 0.0011144207092002034, 0.003453464712947607, 0.0008237000438384712, 0.00014437160280067474, 0.0020103040151298046, 9.390541526954621e-05, 7.126525360945379e-06, 0.00012922899622935802, 1.2352444173302501e-05], "accuracy": [0.9789613485336304, 0.9975639581680298, 0.997896134853363, 0.997896134853363, 0.998339056968689, 0.9987819790840149, 0.9995570778846741, 0.9988927245140076, 0.9993356466293335, 0.9987819790840149, 0.9985604882240295, 0.9994463324546814, 0.9994463324546814, 0.9996678233146667, 0.9995570778846741, 0.9995570778846741, 0.9993356466293335, 0.9994463324546814, 1.0, 0.9997785687446594, 0.9997785687446594, 0.9995570778846741, 0.9987819790840149, 0.9998892545700073, 1.0, 1.0, 0.9997785687446594, 0.9997785687446594, 0.9997785687446594, 0.9997785687446594, 0.9994463324546814, 0.9997785687446594, 0.9998892545700073, 1.0, 1.0, 1.0, 1.0, 1.0, 1.0, 1.0, 1.0, 1.0, 1.0, 1.0, 1.0, 1.0, 1.0, 1.0, 1.0, 0.9997785687446594, 0.9998892545700073, 0.9973424673080444, 0.9980068802833557, 0.9998892545700073, 0.9986712336540222, 0.9991141557693481, 0.9996678233146667, 0.9998892545700073, 0.9996678233146667, 0.9996678233146667, 0.9998892545700073, 0.9997785687446594, 0.9998892545700073, 0.9997785687446594, 1.0, 1.0, 1.0, 1.0, 1.0, 0.9997785687446594, 1.0, 0.9998892545700073, 0.9997785687446594, 0.9996678233146667, 0.9995570778846741, 0.9997785687446594, 0.9994463324546814, 0.9998892545700073, 1.0, 1.0, 1.0, 1.0, 0.9997785687446594, 1.0, 1.0, 1.0, 1.0, 1.0, 1.0, 1.0, 0.9987819790840149, 0.9995570778846741, 0.9996678233146667, 0.9996678233146667, 0.9998892545700073, 0.9996678233146667, 0.9998892545700073, 1.0, 0.9998892545700073, 1.0], "val_loss": [0.030730362981557846, 0.004812490660697222, 0.00013146431592758745, 0.003584742546081543, 0.0044032372534275055, 0.004811781458556652, 0.009762180037796497, 0.0008644558838568628, 0.004465871024876833, 0.007073290646076202, 0.004598432686179876, 0.0005590261425822973, 5.437087111204164e-06, 8.077956294982869e-07, 9.079024312086403e-05, 0.0004082885861862451, 0.005071860738098621, 0.00029318782617338, 0.00022034961148165166, 0.0019966622348874807, 3.603656296036206e-05, 0.005174557212740183, 1.2551489817269612e-05, 2.4770038180577103e-06, 2.1891451069677714e-06, 0.00017087560263462365, 7.218623920834943e-08, 1.3675168020199635e-06, 1.1767883734137286e-05, 0.0009762802510522306, 0.0025275778025388718, 0.001364869181998074, 2.075005113510997e-06, 3.0560138384316815e-06, 2.2332603748509428e-06, 1.9366484593774658e-06, 2.6274358688738175e-08, 6.448855316421032e-08, 6.875607638789916e-09, 3.123031833140999e-09, 3.363476608342353e-09, 3.974447881915921e-09, 3.673724657815569e-09, 1.5224904670319006e-09, 1.9006034523982862e-09, 3.586898245089287e-08, 2.590918235512163e-08, 1.1570048030762337e-08, 8.916863691865728e-09, 7.672704668948427e-06, 0.00011431511666160077, 2.1928386559011415e-05, 0.0011858379002660513, 0.007322903722524643, 2.3724245693301782e-05, 0.0505218505859375, 2.3540385427622823e-06, 0.006482231430709362, 3.506430630295654e-06, 3.7606616842822405e-07, 0.0003042471071239561, 1.5360352279003564e-07, 9.425367352378089e-06, 1.4794272829021793e-07, 1.0567886477019783e-07, 6.271724828366132e-08, 1.1843019898094553e-08, 2.7903668708972873e-08, 1.8540220025897725e-08, 7.671953790122643e-05, 2.167667616959079e-06, 8.560457445128122e-07, 6.076333534110745e-07, 0.0002773563319351524, 0.0007236822275444865, 2.4536622731829993e-05, 8.08767435955815e-05, 0.00022514129523187876, 8.97439822438173e-05, 7.840830221539363e-05, 6.602349458262324e-05, 6.762392877135426e-05, 1.5698347851866856e-05, 1.6961415894911624e-05, 1.8661665308172815e-05, 1.9230277757742442e-05, 1.1631213965301868e-05, 1.2157248420407996e-05, 1.615730616322253e-05, 2.0147002942394465e-05, 0.005992552265524864, 1.1256785001023673e-05, 1.3682665667147376e-05, 2.985053242809954e-06, 6.326659786282107e-06, 3.733854555321159e-06, 1.4851011655991897e-06, 4.2628707888070494e-05, 9.213089242621209e-07, 2.3227548808790743e-06], "val_accuracy": [0.9902525544166565, 0.9995569586753845, 1.0, 0.9986708164215088, 0.9982277154922485, 0.9986708164215088, 0.9986708164215088, 0.9995569586753845, 0.9982277154922485, 0.9986708164215088, 0.9991138577461243, 0.9995569586753845, 1.0, 1.0, 1.0, 0.9995569586753845, 0.9982277154922485, 1.0, 1.0, 0.9995569586753845, 1.0, 0.9986708164215088, 1.0, 1.0, 1.0, 1.0, 1.0, 1.0, 1.0, 0.9995569586753845, 0.9995569586753845, 0.9995569586753845, 1.0, 1.0, 1.0, 1.0, 1.0, 1.0, 1.0, 1.0, 1.0, 1.0, 1.0, 1.0, 1.0, 1.0, 1.0, 1.0, 1.0, 1.0, 1.0, 1.0, 0.9995569586753845, 0.9977846741676331, 1.0, 0.9915817379951477, 1.0, 0.9995569586753845, 1.0, 1.0, 1.0, 1.0, 1.0, 1.0, 1.0, 1.0, 1.0, 1.0, 1.0, 1.0, 1.0, 1.0, 1.0, 1.0, 0.9995569586753845, 1.0, 1.0, 1.0, 1.0, 1.0, 1.0, 1.0, 1.0, 1.0, 1.0, 1.0, 1.0, 1.0, 1.0, 1.0, 0.9991138577461243, 1.0, 1.0, 1.0, 1.0, 1.0, 1.0, 1.0, 1.0, 1.0]}