{"loss": [0.8575717806816101, 0.687927782535553, 0.6576432585716248, 0.6387841701507568, 0.6209045052528381, 0.6050597429275513, 0.5861225724220276, 0.5746301412582397, 0.5513309836387634, 0.5435426235198975, 0.5263087153434753, 0.5062160491943359, 0.4878385663032532, 0.4726908802986145, 0.4428417682647705, 0.4301871955394745, 0.41230109333992004, 0.39692914485931396, 0.3816593885421753, 0.3626113533973694, 0.35013073682785034, 0.32804736495018005, 0.31179553270339966, 0.30866843461990356, 0.30445486307144165, 0.31060078740119934, 0.28129351139068604, 0.27481189370155334, 0.2739550769329071, 0.24771124124526978, 0.24636292457580566, 0.2358839362859726, 0.2335337996482849, 0.2232343703508377, 0.2255527228116989, 0.22088508307933807, 0.22385816276073456, 0.22424574196338654, 0.20979495346546173, 0.1937190294265747, 0.1840829700231552, 0.17680440843105316, 0.1854752153158188, 0.17218290269374847, 0.162534698843956, 0.16871018707752228, 0.15508519113063812, 0.15564966201782227, 0.15468335151672363, 0.14648786187171936, 0.14829950034618378, 0.15845642983913422, 0.15713056921958923, 0.1599196344614029, 0.14682112634181976, 0.14036165177822113, 0.13426963984966278, 0.1336885392665863, 0.13704772293567657, 0.13729694485664368, 0.1504378616809845, 0.15814687311649323, 0.1609722524881363, 0.16623927652835846, 0.16060557961463928, 0.13146792352199554, 0.12314056605100632, 0.12196517735719681, 0.12315107882022858, 0.11755034327507019, 0.11870184540748596, 0.10955985635519028, 0.10944642126560211, 0.11131080985069275, 0.1118188127875328, 0.11338189989328384, 0.11192020028829575, 0.10610310733318329, 0.09864892810583115, 0.1046544685959816, 0.10161682963371277, 0.09981773793697357, 0.1012449637055397, 0.1014227569103241, 0.10219079256057739, 0.1021312028169632, 0.09589076787233353, 0.09539332240819931, 0.09686894714832306, 0.09687406569719315, 0.09640291333198547, 0.0959734171628952, 0.09814304113388062, 0.09472740441560745, 0.0896034687757492, 0.09470616281032562, 0.0968516618013382, 0.0967787429690361, 0.09844161570072174, 0.11625460535287857], "accuracy": [0.5193052887916565, 0.5436205863952637, 0.5915831923484802, 0.6292585134506226, 0.665998637676239, 0.6798931360244751, 0.701937198638916, 0.6999331712722778, 0.7338677644729614, 0.7253172993659973, 0.7406813502311707, 0.7609886527061462, 0.7703406810760498, 0.7902471423149109, 0.8066800236701965, 0.8197728991508484, 0.8255177140235901, 0.8370073437690735, 0.842217743396759, 0.8539746403694153, 0.857047438621521, 0.8729459047317505, 0.8789579272270203, 0.8758851289749146, 0.8785570859909058, 0.8724114894866943, 0.8955243825912476, 0.8957915902137756, 0.8931195735931396, 0.907281219959259, 0.905811607837677, 0.9115564227104187, 0.9128924608230591, 0.9171676635742188, 0.9116900563240051, 0.9155644774436951, 0.9123580455780029, 0.9102204442024231, 0.9203740954399109, 0.9303941130638123, 0.933734118938446, 0.9368069767951965, 0.9315965175628662, 0.9369405508041382, 0.9436205625534058, 0.9377421736717224, 0.9437541961669922, 0.9442885518074036, 0.9437541961669922, 0.9492318034172058, 0.9478957653045654, 0.9453573822975159, 0.949766218662262, 0.9425517916679382, 0.951235830783844, 0.9553773999214172, 0.9560454487800598, 0.9572478532791138, 0.9527053833007812, 0.951235830783844, 0.9442885518074036, 0.9388109445571899, 0.9368069767951965, 0.9357381463050842, 0.936138927936554, 0.9494990110397339, 0.9551101922988892, 0.9557782411575317, 0.9552438259124756, 0.9579158425331116, 0.9556446075439453, 0.961389422416687, 0.9624582529067993, 0.9600534439086914, 0.959919810295105, 0.9592518210411072, 0.9593854546546936, 0.9631262421607971, 0.9653974771499634, 0.9649966359138489, 0.9649966359138489, 0.964061439037323, 0.9632598757743835, 0.9648630619049072, 0.965263843536377, 0.9664662480354309, 0.9688710570335388, 0.9684702754020691, 0.9676686525344849, 0.9676686525344849, 0.9664662480354309, 0.9671342968940735, 0.9637942314147949, 0.9674014449119568, 0.9692718982696533, 0.9665998816490173, 0.9637942314147949, 0.965263843536377, 0.9639278650283813, 0.9565798044204712], "val_loss": [0.6791110038757324, 0.653461217880249, 0.6416530609130859, 0.635789155960083, 0.6265987157821655, 0.6186826825141907, 0.5880286693572998, 0.6057679057121277, 0.5571589469909668, 0.5263800024986267, 0.5200425386428833, 0.5192076563835144, 0.4775703549385071, 0.46517717838287354, 0.502278745174408, 0.49908867478370667, 0.4714467227458954, 0.4720528721809387, 0.43897995352745056, 0.42282912135124207, 0.40073245763778687, 0.39701563119888306, 0.3856671452522278, 0.46029776334762573, 0.5284029841423035, 0.37902823090553284, 0.3935210108757019, 0.38652148842811584, 0.33806270360946655, 0.3350575864315033, 0.3449598252773285, 0.3303280770778656, 0.32454994320869446, 0.3182004988193512, 0.3582274317741394, 0.330030620098114, 0.3367161154747009, 0.26690855622291565, 0.27591490745544434, 0.2654784023761749, 0.26631298661231995, 0.2493096888065338, 0.24210812151432037, 0.2381228357553482, 0.23220594227313995, 0.2420126050710678, 0.22823798656463623, 0.23757141828536987, 0.21396677196025848, 0.21239298582077026, 0.2252964824438095, 0.22374087572097778, 0.33840104937553406, 0.20573768019676208, 0.20112846791744232, 0.2052367627620697, 0.20253944396972656, 0.2059619128704071, 0.20160825550556183, 0.22310233116149902, 0.334772527217865, 0.23991645872592926, 0.4149235188961029, 0.2813102900981903, 0.18466609716415405, 0.18417179584503174, 0.1820722073316574, 0.19088338315486908, 0.18274343013763428, 0.18277838826179504, 0.18021538853645325, 0.1775730401277542, 0.1786314696073532, 0.1765729933977127, 0.19778268039226532, 0.19197340309619904, 0.18828779458999634, 0.17997875809669495, 0.1857265830039978, 0.2150733321905136, 0.1750832051038742, 0.1754693239927292, 0.183782160282135, 0.18582825362682343, 0.17583347856998444, 0.17478956282138824, 0.18005748093128204, 0.17492558062076569, 0.17549149692058563, 0.17561504244804382, 0.1777409315109253, 0.17430061101913452, 0.19233880937099457, 0.1903129518032074, 0.1803782433271408, 0.17552001774311066, 0.18026956915855408, 0.1884848028421402, 0.17551307380199432, 0.19485123455524445],