{"loss": [0.7322434186935425, 0.6856750845909119, 0.6780233979225159, 0.6720575094223022, 0.6661531925201416, 0.6617403626441956, 0.6542187929153442, 0.6451331973075867, 0.6361200213432312, 0.648792564868927, 0.6746267080307007, 0.6653530597686768, 0.6557523608207703, 0.6429018378257751, 0.6419880986213684, 0.6274922490119934, 0.6202908158302307, 0.6157734990119934, 0.605153501033783, 0.6024410128593445, 0.5982037782669067, 0.5868264436721802, 0.5819634795188904, 0.576076090335846, 0.5710542798042297, 0.5663477778434753, 0.5611782670021057, 0.5567386150360107, 0.5533930659294128, 0.548895537853241, 0.5460734367370605, 0.5346624851226807, 0.5376855731010437, 0.5332257151603699, 0.5295982360839844, 0.5268517136573792, 0.5234022736549377, 0.5207827091217041, 0.5170518159866333, 0.5144186019897461, 0.5115860104560852, 0.5080345273017883, 0.5052964091300964, 0.5027721524238586, 0.499910831451416, 0.4974023997783661, 0.4953870177268982, 0.49246272444725037, 0.49255380034446716, 0.4871699810028076, 0.4825189709663391, 0.4831704795360565, 0.4813416004180908, 0.4798334240913391, 0.477700799703598, 0.4750899374485016, 0.4724642038345337, 0.4727245271205902, 0.4713870584964752, 0.475487619638443, 0.466018408536911, 0.46467357873916626, 0.46385711431503296, 0.46235141158103943, 0.45911651849746704, 0.45786452293395996, 0.45592576265335083, 0.4573669135570526, 0.45236197113990784, 0.4547973573207855, 0.45205819606781006, 0.44719114899635315, 0.46099093556404114, 0.4504947364330292, 0.4425063729286194, 0.44261178374290466, 0.44223806262016296, 0.4405571520328522, 0.43956369161605835, 0.4392736256122589, 0.4375442564487457, 0.4360164999961853, 0.435151070356369, 0.4411524832248688, 0.4361954927444458, 0.4319523870944977, 0.4294559061527252, 0.4284214973449707, 0.4286477267742157, 0.42842403054237366, 0.4294928312301636, 0.4273031949996948, 0.4255106449127197, 0.42450883984565735, 0.4238283336162567, 0.4248966872692108, 0.4212496876716614, 0.42319440841674805, 0.4196803569793701, 0.4172663688659668], "accuracy": [0.514464259147644, 0.543749988079071, 0.5532143115997314, 0.5633928775787354, 0.5787500143051147, 0.5849106907844543, 0.5975000262260437, 0.6162499785423279, 0.6240178346633911, 0.604107141494751, 0.5688393115997314, 0.5794642567634583, 0.5953571200370789, 0.6159821152687073, 0.6119642853736877, 0.6310714483261108, 0.6405357122421265, 0.6481249928474426, 0.6591071486473083, 0.6583928465843201, 0.6625000238418579, 0.6758928298950195, 0.6788392663002014, 0.6848214268684387, 0.6876785755157471, 0.6941964030265808, 0.6964285969734192, 0.7016071677207947, 0.7024999856948853, 0.710178554058075, 0.7110714316368103, 0.7262499928474426, 0.7192857265472412, 0.7227678298950195, 0.7249107360839844, 0.7301785945892334, 0.729107141494751, 0.7319642901420593, 0.7357142567634583, 0.7388392686843872, 0.7386606931686401, 0.7420535683631897, 0.7434821724891663, 0.7453571557998657, 0.7476785778999329, 0.7495535612106323, 0.7502678632736206, 0.7523214221000671, 0.7517856955528259, 0.7558928728103638, 0.7601785659790039, 0.760535717010498, 0.7618749737739563, 0.7633928656578064, 0.7647321224212646, 0.765625, 0.7660714387893677, 0.7674999833106995, 0.7664285898208618, 0.7642857432365417, 0.7716964483261108, 0.7716071605682373, 0.7724106907844543, 0.7729464173316956, 0.7758035659790039, 0.7762500047683716, 0.7775892615318298, 0.7768750190734863, 0.7805356979370117, 0.7770535945892334, 0.7796428799629211, 0.7831249833106995, 0.7742857336997986, 0.7816071510314941, 0.7871428728103638, 0.7875000238418579, 0.7877678275108337, 0.7886607050895691, 0.7883928418159485, 0.7889285683631897, 0.789642870426178, 0.788482129573822, 0.7905356884002686, 0.7882142663002014, 0.7899107336997986, 0.7931249737739563, 0.7954464554786682, 0.7954464554786682, 0.7951785922050476, 0.7946428656578064, 0.7941071391105652, 0.795714259147644, 0.7965178489685059, 0.7962499856948853, 0.7966071367263794, 0.7971428632736206, 0.7997321486473083, 0.7964285612106323, 0.8033928275108337, 0.8025000095367432], "val_loss": [0.7214136123657227, 0.684803307056427, 0.6748936176300049, 0.6684768795967102, 0.6787393689155579, 0.6658696532249451, 0.6539912223815918, 0.6496548652648926, 0.653577983379364, 0.6639662384986877, 0.6822947859764099, 0.666135311126709, 0.6527805328369141, 0.6597772240638733, 0.6452412605285645, 0.6581849455833435, 0.6786516308784485, 0.630538821220398, 0.6412777900695801, 0.6863120198249817, 0.6241568922996521, 0.6204997301101685, 0.610550582408905, 0.6078320145606995, 0.6045535206794739, 0.5998772978782654, 0.598909318447113, 0.5950689911842346, 0.5935840606689453, 0.5843873023986816, 0.5639928579330444, 0.5842883586883545, 0.5767437815666199, 0.5741135478019714, 0.5697245597839355, 0.5734337568283081, 0.5668958425521851, 0.5672084093093872, 0.5652400255203247, 0.5652770400047302, 0.5590016841888428, 0.5575376749038696, 0.5564729571342468, 0.5546990633010864, 0.5547341704368591, 0.5540838837623596, 0.5522637963294983, 0.549552857875824, 0.5431382656097412, 0.5437835454940796, 0.5592836737632751, 0.5402386784553528, 0.5424531102180481, 0.5391883850097656, 0.5391817688941956, 0.557442307472229, 0.5350379347801208, 0.49453333020210266, 0.5528985261917114, 0.520017683506012, 0.5475446581840515, 0.5349559187889099, 0.5211329460144043, 0.5233081579208374, 0.5202302932739258, 0.5172612071037292, 0.5164962410926819, 0.5225206017494202, 0.5170645117759705, 0.5485159158706665, 0.500214695930481, 0.5302636027336121, 0.5808646082878113, 0.5064218640327454, 0.5059636831283569, 0.5101280808448792, 0.508230447769165, 0.5047478079795837, 0.5088159441947937, 0.5117307305335999, 0.5144925117492676, 0.5144645571708679, 0.5232579112052917, 0.5602343678474426, 0.5106015205383301, 0.4990912675857544, 0.5001277327537537, 0.500848114490509, 0.5069106817245483, 0.50355064868927, 0.5009172558784485, 0.4998801052570343, 0.4960950016975403, 0.4961388409137726, 0.4955097734928131, 0.5002168416976929, 0.49134355783462524, 0.5365419387817383, 0.5171648263931274, 0.49380579590797424], "val_accuracy": [0.5053571462631226, 0.5296428799629211, 0.5535714030265808, 0.5682142972946167, 0.5310714244842529, 0.5542857050895691, 0.5871428847312927, 0.5921428799629211, 0.5678571462631226, 0.581428587436676, 0.5074999928474426, 0.5628571510314941, 0.6071428656578064, 0.5682142972946167, 0.6007142663002014, 0.5732142925262451, 0.5635714530944824, 0.616428554058075, 0.595714271068573, 0.5625, 0.6296428442001343, 0.6367856860160828, 0.6485714316368103, 0.6517857313156128, 0.6571428775787354, 0.6610714197158813, 0.6614285707473755, 0.6657142639160156, 0.6689285635948181, 0.6782143115997314, 0.7007142901420593, 0.6782143115997314, 0.6867856979370117, 0.6896428465843201, 0.6946428418159485, 0.6910714507102966, 0.6971428394317627, 0.6989285945892334, 0.7017857432365417, 0.7003571391105652, 0.7035714387893677, 0.7032142877578735, 0.7053571343421936, 0.7092857360839844, 0.7099999785423279, 0.7099999785423279, 0.7121428847312927, 0.7146428823471069, 0.7171428799629211, 0.720714271068573, 0.7099999785423279, 0.7225000262260437, 0.7200000286102295, 0.7225000262260437, 0.7232142686843872, 0.7110714316368103, 0.7275000214576721, 0.75, 0.7174999713897705, 0.7353571653366089, 0.7174999713897705, 0.7235714197158813, 0.7321428656578064, 0.7303571701049805, 0.7339285612106323, 0.7364285588264465, 0.7367857098579407, 0.7335714101791382, 0.7385714054107666, 0.7182142734527588, 0.75, 0.7314285635948181, 0.7010714411735535, 0.746071457862854, 0.7471428513526917, 0.7432143092155457, 0.7439285516738892, 0.7482143044471741, 0.7442857027053833, 0.743571400642395, 0.7428571581840515, 0.7417857050895691, 0.739642858505249, 0.7160714268684387, 0.7453571557998657, 0.7524999976158142, 0.7492856979370117, 0.7510714530944824, 0.7482143044471741, 0.7492856979370117, 0.7514285445213318, 0.7528571486473083, 0.7535714507102966, 0.7549999952316284, 0.7553571462631226, 0.753928542137146, 0.7589285969734192, 0.7382143139839172, 0.75, 0.7589285969734192]}