{"loss": [0.6887090802192688, 0.5220628976821899, 0.42496785521507263, 0.3444865345954895, 0.2860533893108368, 0.23484589159488678, 0.19373448193073273, 0.1623946726322174, 0.13754789531230927, 0.12020406126976013, 0.10224861651659012, 0.09099232405424118, 0.08340302854776382, 0.08377058058977127, 0.07518772035837173, 0.09955161809921265, 0.07112222164869308, 0.07215667515993118, 0.06150306016206741, 0.06546301394701004, 0.0604003444314003, 0.053143616765737534, 0.055642154067754745, 0.053482018411159515, 0.04955477640032768, 0.03769722580909729, 0.044522128999233246, 0.03924649581313133, 0.030258608981966972, 0.027510913088917732, 0.024958226829767227, 0.023736491799354553, 0.0219431035220623, 0.020087024196982384, 0.01883024536073208, 0.018169373273849487, 0.017421390861272812, 0.016506046056747437, 0.017981229349970818, 0.016906393691897392, 0.03403504565358162, 0.13938158750534058, 0.048871900886297226, 0.041024286299943924, 0.03621498867869377, 0.033090442419052124, 0.030663441866636276, 0.027643484994769096, 0.02481996640563011, 0.022833237424492836, 0.021077657118439674, 0.01990523561835289, 0.01868564262986183, 0.01766079291701317, 0.01677761785686016, 0.015851091593503952, 0.015179869718849659, 0.014490016736090183, 0.014088026247918606, 0.013541332446038723, 0.013160869479179382, 0.013089078478515148, 0.012411531992256641, 0.013036389835178852, 0.012299591675400734, 0.01202431507408619, 0.012858370319008827, 0.012510111555457115, 0.01278746873140335, 0.11789710819721222, 0.04708400368690491, 0.009081058204174042, 0.009284429252147675, 0.009069355204701424, 0.008928125724196434, 0.008792619220912457, 0.008621119894087315, 0.00837696436792612, 0.008214623667299747, 0.007944214157760143, 0.007773378863930702, 0.0075685386545956135, 0.007349458988755941, 0.006156647577881813, 0.006546602584421635, 0.0065442221239209175, 0.006432570982724428, 0.006262078881263733, 0.0061770412139594555, 0.0058515435084700584, 0.0057304962538182735, 0.005577527452260256, 0.005463020410388708, 0.005288155283778906, 0.005102379247546196, 0.004959211219102144, 0.00483058113604784, 0.00464831106364727, 0.004520977847278118, 0.004414194263517857], "accuracy": [0.6144391298294067, 0.7520762085914612, 0.8206178545951843, 0.862141489982605, 0.8903775811195374, 0.9183921813964844, 0.9364411234855652, 0.9491750597953796, 0.9571475982666016, 0.9632377624511719, 0.9691064357757568, 0.9724283218383789, 0.9738677740097046, 0.971985399723053, 0.977411150932312, 0.9639021158218384, 0.9802901148796082, 0.9765253067016602, 0.982836902141571, 0.9804008603096008, 0.9808437824249268, 0.9831690788269043, 0.9825047254562378, 0.9835012555122375, 0.9848300218582153, 0.9888163208961487, 0.9862695336341858, 0.9885948300361633, 0.9919167160987854, 0.9925811290740967, 0.9937991499900818, 0.9940205812454224, 0.9949064254760742, 0.9954600930213928, 0.9956815242767334, 0.9960137009620667, 0.9956815242767334, 0.996235191822052, 0.9953493475914001, 0.9952386021614075, 0.9888163208961487, 0.9501716494560242, 0.9918060302734375, 0.9935776591300964, 0.9943527579307556, 0.9951279163360596, 0.9952386021614075, 0.9959030151367188, 0.9963459372520447, 0.9968995451927185, 0.9970102906227112, 0.9971210360527039, 0.9972317814826965, 0.9973424673080444, 0.9975639581680298, 0.9976747035980225, 0.9977853894233704, 0.9980068802833557, 0.9982283115386963, 0.9980068802833557, 0.9981175661087036, 0.9977853894233704, 0.9981175661087036, 0.9976747035980225, 0.9977853894233704, 0.9975639581680298, 0.9971210360527039, 0.9980068802833557, 0.9975639581680298, 0.9602480530738831, 0.9823939800262451, 0.9972317814826965, 0.9975639581680298, 0.9975639581680298, 0.997896134853363, 0.997896134853363, 0.997896134853363, 0.9980068802833557, 0.9980068802833557, 0.998339056968689, 0.9985604882240295, 0.9986712336540222, 0.9987819790840149, 0.9990034103393555, 0.9990034103393555, 0.9990034103393555, 0.9990034103393555, 0.9990034103393555, 0.9991141557693481, 0.9992249011993408, 0.9992249011993408, 0.9993356466293335, 0.9993356466293335, 0.9993356466293335, 0.9994463324546814, 0.9994463324546814, 0.9995570778846741, 0.9995570778846741, 0.9995570778846741, 0.9995570778846741], "val_loss": [0.6024765372276306, 0.4514681398868561, 0.38616520166397095, 0.2978985011577606, 0.235176220536232, 0.19825001060962677, 0.16508550941944122, 0.1434587687253952, 0.13096220791339874, 0.10950831323862076, 0.09070824831724167, 0.07970884442329407, 0.07123203575611115, 0.06738410145044327, 0.06181560084223747, 0.06351657956838608, 0.05754586309194565, 0.07310475409030914, 0.049123261123895645, 0.06669094413518906, 0.04197648912668228, 0.048625923693180084, 0.06404992192983627, 0.07846399396657944, 0.08107159286737442, 0.10398408025503159, 0.11264972388744354, 0.034120213240385056, 0.03146440535783768, 0.03198256343603134, 0.0334562249481678, 0.02938348986208439, 0.03128616139292717, 0.03586247190833092, 0.033509496599435806, 0.03472113609313965, 0.031027084216475487, 0.03842858225107193, 0.03769736737012863, 0.03627834841609001, 0.11760549992322922, 0.059918228536844254, 0.0594232901930809, 0.05623604357242584, 0.060942888259887695, 0.05764346569776535, 0.05473022535443306, 0.04044139385223389, 0.038053467869758606, 0.035625625401735306, 0.03616267442703247, 0.035348884761333466, 0.03524103760719299, 0.03530216962099075, 0.03314435854554176, 0.034967873245477676, 0.03353053331375122, 0.03503406420350075, 0.03315459564328194, 0.03270092234015465, 0.035539306700229645, 0.03138786554336548, 0.03183531016111374, 0.0303483959287405, 0.03343963623046875, 0.031945765018463135, 0.042399026453495026, 0.03997713699936867, 0.043031495064496994, 0.3211406469345093, 0.019930977374315262, 0.015483350493013859, 0.014914402738213539, 0.01455238088965416, 0.014226566068828106, 0.013973492197692394, 0.013580463826656342, 0.013296385295689106, 0.01304163970053196, 0.012778247706592083, 0.012648019008338451, 0.01237477920949459, 0.012283685617148876, 0.012118268758058548, 0.01211239118129015, 0.011954537592828274, 0.012078494764864445, 0.011517107486724854, 0.011442595161497593, 0.011336649768054485, 0.0113060949370265, 0.01122121699154377, 0.011282505467534065, 0.010853834450244904, 0.010835878551006317, 0.011002779938280582, 0.010840386152267456, 0.010697786696255207, 0.010697704739868641, 0.010566509328782558],