{"loss": [0.4894160330295563, 0.22719785571098328, 0.15658365190029144, 0.12482111155986786, 0.0969606265425682, 0.08278370648622513, 0.08067568391561508, 0.06818526983261108, 0.06184566766023636, 0.053118232637643814, 0.051282402127981186, 0.061233654618263245, 0.041046224534511566, 0.056518904864788055, 0.04796190559864044, 0.04334740713238716, 0.03516407310962677, 0.04683752357959747, 0.035776201635599136, 0.03513002023100853, 0.03654172644019127, 0.031400568783283234, 0.03329870104789734, 0.030368225648999214, 0.03750893846154213, 0.03504401817917824, 0.02469109557569027, 0.032803215086460114, 0.02822168357670307, 0.025657717138528824, 0.025314701721072197, 0.021169226616621017, 0.02445666678249836, 0.026327146217226982, 0.022124022245407104, 0.024942871183156967, 0.024741649627685547, 0.025584043934941292, 0.03112419880926609, 0.02105526812374592, 0.019030380994081497, 0.01741652935743332, 0.01834128238260746, 0.026924999430775642, 0.018171515315771103, 0.023344017565250397, 0.027085604146122932, 0.018495837226510048, 0.02271757833659649, 0.01686861924827099, 0.017236405983567238, 0.0267984289675951, 0.02128218300640583, 0.014017078094184399, 0.019639577716588974, 0.015010110102593899, 0.02321801334619522, 0.020566843450069427, 0.018532991409301758, 0.017835382372140884, 0.007729711476713419, 0.016881786286830902, 0.0219674464315176, 0.014209064655005932, 0.01691330596804619, 0.01918022520840168, 0.016002170741558075, 0.016035359352827072, 0.01935812085866928, 0.01661098748445511, 0.011619159951806068, 0.01907423511147499, 0.014179599471390247, 0.01952224224805832, 0.015457220375537872, 0.018486695364117622, 0.018533173948526382, 0.009668922983109951, 0.01627521961927414, 0.013945236802101135, 0.017683478072285652, 0.013385445810854435, 0.013077354058623314, 0.015393534675240517, 0.01678301952779293, 0.015654388815164566, 0.015493781305849552, 0.013093069195747375, 0.011450527235865593, 0.015310912393033504, 0.028812047094106674, 0.015840502455830574, 0.008976728655397892, 0.013108351267874241, 0.012389878742396832, 0.014914109371602535, 0.015786737203598022, 0.0150390500202775, 0.012651436030864716, 0.007213243283331394], "accuracy": [0.8080160617828369, 0.9112892746925354, 0.9394789338111877, 0.948563814163208, 0.9620574712753296, 0.9671342968940735, 0.9703406691551208, 0.9740815162658691, 0.977688729763031, 0.9823647141456604, 0.9796926975250244, 0.9784902930259705, 0.9845023155212402, 0.9818302989006042, 0.9823647141456604, 0.9837007522583008, 0.9859719276428223, 0.9835671186447144, 0.9855711460113525, 0.9858383536338806, 0.9874415397644043, 0.9889111518859863, 0.9883767366409302, 0.9887775778770447, 0.9862391352653503, 0.9866399168968201, 0.9910487532615662, 0.9883767366409302, 0.9890447854995728, 0.9909151792526245, 0.9915831685066223, 0.9921175837516785, 0.9909151792526245, 0.9895791411399841, 0.9921175837516785, 0.9895791411399841, 0.9921175837516785, 0.9907815456390381, 0.9906479716300964, 0.9939879775047302, 0.9925183653831482, 0.9941215515136719, 0.9935871958732605, 0.9897127747535706, 0.9930527806282043, 0.991716742515564, 0.9898463487625122, 0.9930527806282043, 0.9925183653831482, 0.9939879775047302, 0.9942551851272583, 0.9907815456390381, 0.9927855730056763, 0.9942551851272583, 0.9938544034957886, 0.9947896003723145, 0.9918503761291504, 0.9927855730056763, 0.9929191470146179, 0.9941215515136719, 0.9970607757568359, 0.9938544034957886, 0.9923847913742065, 0.9950568079948425, 0.9938544034957886, 0.9930527806282043, 0.9942551851272583, 0.9954575896263123, 0.9949231743812561, 0.9935871958732605, 0.9965263605117798, 0.9941215515136719, 0.9954575896263123, 0.9927855730056763, 0.9935871958732605, 0.9922511577606201, 0.9941215515136719, 0.997327983379364, 0.9943887591362, 0.9955911636352539, 0.9949231743812561, 0.9951903820037842, 0.9947896003723145, 0.9945223927497864, 0.994655966758728, 0.994655966758728, 0.9959920048713684, 0.9965263605117798, 0.995858371257782, 0.9949231743812561, 0.9911823868751526, 0.9949231743812561, 0.9962592124938965, 0.9951903820037842, 0.9963927865028381, 0.9949231743812561, 0.9949231743812561, 0.9949231743812561, 0.9957247972488403, 0.9975951910018921], "val_loss": [0.4156937003135681, 0.29040905833244324, 0.16979269683361053, 0.14048945903778076, 0.11300168186426163, 0.05560336634516716, 0.06964140385389328, 0.04688682034611702, 0.04584069177508354, 0.05073227360844612, 0.045783087611198425, 0.02879582718014717, 0.04031186178326607, 0.03882284089922905, 0.029765306040644646, 0.016302010044455528, 0.015701189637184143, 0.04838577285408974, 0.04785832762718201, 0.026920374482870102, 0.02929828315973282, 0.02714265137910843, 0.025626983493566513, 0.026607297360897064, 0.019754810258746147, 0.0152890020981431, 0.02593510039150715, 0.013504835776984692, 0.027308057993650436, 0.017139175906777382, 0.00645830761641264, 0.01111567858606577, 0.012197157368063927, 0.028190283104777336, 0.02332816645503044, 0.02177501656115055, 0.025263236835598946, 0.011643920093774796, 0.008327670395374298, 0.007541283965110779, 0.007445102091878653, 0.0125740896910429, 0.016308195888996124, 0.022094575688242912, 0.014633816666901112, 0.011886556632816792, 0.008713385090231895, 0.010795843787491322, 0.00808570347726345, 0.010809056460857391, 0.01574324630200863, 0.017550773918628693, 0.0075158472172915936, 0.011600928381085396, 0.020033344626426697, 0.009643235243856907, 0.008201489225029945, 0.010369480587542057, 0.012031666934490204, 0.010587373748421669, 0.00782225001603365, 0.019760463386774063, 0.011590898968279362, 0.007575265597552061, 0.005540733225643635, 0.012072186917066574, 0.004537646193057299, 0.03845983371138573, 0.008239995688199997, 0.013723127543926239, 0.008986993692815304, 0.00538602052256465, 0.004929267801344395, 0.012394546531140804, 0.006590616889297962, 0.03169707581400871, 0.0038347828667610884, 0.008119379170238972, 0.003205991582944989, 0.007739687338471413, 0.017886633053421974, 0.009917624294757843, 0.0063836402259767056, 0.01174053642898798, 0.011581327766180038, 0.005648894235491753, 0.013963434845209122, 0.00920932274311781, 0.01835029199719429, 0.01791715808212757, 0.019727317616343498, 0.010225863195955753, 0.009396332316100597, 0.005100406240671873, 0.009931572712957859, 0.00829715933650732, 0.06572864949703217, 0.013924714177846909, 0.0035327456425875425, 0.008284461684525013],