{"loss": [0.7711937427520752, 0.6840409636497498, 0.6733123064041138, 0.6648343801498413, 0.6548712253570557, 0.6431339383125305, 0.631394624710083, 0.6192666888237, 0.6098487973213196, 0.5975775122642517, 0.589958131313324, 0.5772150158882141, 0.5570917129516602, 0.5458862781524658, 0.5404481291770935, 0.522376298904419, 0.518020510673523, 0.5254117846488953, 0.5366138815879822, 0.5288545489311218, 0.5175572633743286, 0.4969032108783722, 0.4954097270965576, 0.47891244292259216, 0.4648563265800476, 0.45866337418556213, 0.4504324495792389, 0.45249345898628235, 0.4359498918056488, 0.43842342495918274, 0.42834699153900146, 0.414648175239563, 0.410114586353302, 0.40348076820373535, 0.4284767508506775, 0.4268874526023865, 0.41012564301490784, 0.39421284198760986, 0.39353737235069275, 0.40578693151474, 0.374838650226593, 0.3668130040168762, 0.37348228693008423, 0.3731454014778137, 0.3694780766963959, 0.34085986018180847, 0.3495858907699585, 0.33041641116142273, 0.3305978775024414, 0.32767850160598755, 0.3231171667575836, 0.32841894030570984, 0.3135054111480713, 0.30918964743614197, 0.31213971972465515, 0.30426114797592163, 0.30581650137901306, 0.28817662596702576, 0.2771410644054413, 0.29181191325187683, 0.3064197599887848, 0.2909950613975525, 0.27890145778656006, 0.27082717418670654, 0.28203192353248596, 0.26832810044288635, 0.2663518488407135, 0.25919675827026367, 0.26123732328414917, 0.26744645833969116, 0.25471994280815125, 0.2506633996963501, 0.24664881825447083, 0.24409516155719757, 0.255068838596344, 0.24220936000347137, 0.24485094845294952, 0.23376110196113586, 0.23646961152553558, 0.23987556993961334, 0.23032498359680176, 0.21776147186756134, 0.22119998931884766, 0.22470955550670624, 0.23046228289604187, 0.2122812122106552, 0.2161913961172104, 0.20364706218242645, 0.21199913322925568, 0.19435150921344757, 0.20181627571582794, 0.19552567601203918, 0.19404973089694977, 0.1842164844274521, 0.17904706299304962, 0.1772880107164383, 0.17747639119625092, 0.17352816462516785, 0.17058731615543365, 0.16904307901859283], "accuracy": [0.5162107944488525, 0.538759171962738, 0.5594395995140076, 0.5839893221855164, 0.6000000238418579, 0.6177451610565186, 0.6440293788909912, 0.6596397757530212, 0.6651100516319275, 0.6769846677780151, 0.6899266242980957, 0.7007338404655457, 0.7203469276428223, 0.7287524938583374, 0.7286190986633301, 0.7436957955360413, 0.7456971406936646, 0.7367578148841858, 0.7318212389945984, 0.7330220341682434, 0.7502334713935852, 0.7618412375450134, 0.757972002029419, 0.7707805037498474, 0.7850567102432251, 0.7813208699226379, 0.7901267409324646, 0.7878585457801819, 0.7973315715789795, 0.7974649667739868, 0.8084055781364441, 0.8173449039459229, 0.8174782991409302, 0.819879949092865, 0.8126751184463501, 0.8086724281311035, 0.8197464942932129, 0.8286858201026917, 0.8237491846084595, 0.8086724281311035, 0.8376250863075256, 0.8445630669593811, 0.83669114112854, 0.8322882056236267, 0.8329553008079529, 0.86070716381073, 0.8466978073120117, 0.8661774396896362, 0.86310875415802, 0.8636424541473389, 0.8644429445266724, 0.860040009021759, 0.8705803751945496, 0.8736491203308105, 0.8673782348632812, 0.8691127300262451, 0.8677785396575928, 0.8781854510307312, 0.8849899768829346, 0.8773849010467529, 0.8652434945106506, 0.878585696220398, 0.8845897316932678, 0.8908605575561523, 0.8797865509986877, 0.8893929123878479, 0.8911274075508118, 0.897264838218689, 0.8936624526977539, 0.8872581720352173, 0.8973982930183411, 0.8991327285766602, 0.9023348689079285, 0.9012675285339355, 0.8976650834083557, 0.9043362140655518, 0.9034022688865662, 0.9079385995864868, 0.9066044092178345, 0.9050033092498779, 0.9087391495704651, 0.914076030254364, 0.9126083850860596, 0.911674439907074, 0.9076718091964722, 0.917144775390625, 0.9163442254066467, 0.9204803109169006, 0.91594398021698, 0.9254169464111328, 0.9210140109062195, 0.9234156012535095, 0.9230153560638428, 0.92915278673172, 0.93155437707901, 0.93155437707901, 0.9342228174209595, 0.9346230626106262, 0.9348899126052856, 0.9374249577522278], "val_loss": [0.6823156476020813, 0.6693352460861206, 0.6793977618217468, 0.6570183038711548, 0.6444547772407532, 0.657814085483551, 0.6303160190582275, 0.6256276965141296, 0.6209312081336975, 0.6214346885681152, 0.608462929725647, 0.5725144743919373, 0.568717360496521, 0.5683895349502563, 0.5457255244255066, 0.5976669192314148, 0.5763182640075684, 0.5862668752670288, 0.6170534491539001, 0.5798443555831909, 0.5673762559890747, 0.5910481810569763, 0.5263704657554626, 0.514225423336029, 0.49758264422416687, 0.5142537951469421, 0.5728682279586792, 0.5417984127998352, 0.5183254480361938, 0.48337480425834656, 0.4564398229122162, 0.4611422121524811, 0.46699991822242737, 0.47022783756256104, 0.5548389554023743, 0.484793484210968, 0.46038252115249634, 0.47546496987342834, 0.5425862669944763, 0.4281570017337799, 0.42189696431159973, 0.46680256724357605, 0.5283187031745911, 0.47839662432670593, 0.4013264775276184, 0.4407166838645935, 0.38030993938446045, 0.3965887427330017, 0.39432841539382935, 0.41306889057159424, 0.4402260482311249, 0.3939984440803528, 0.3806593120098114, 0.37937861680984497, 0.42031729221343994, 0.40584442019462585, 0.409135103225708, 0.35640108585357666, 0.3624621033668518, 0.4517560601234436, 0.38652122020721436, 0.3534131944179535, 0.337453693151474, 0.3694916069507599, 0.33533790707588196, 0.342560738325119, 0.3389018177986145, 0.34854012727737427, 0.39065036177635193, 0.3260056674480438, 0.32830196619033813, 0.37668147683143616, 0.3503468930721283, 0.3713802397251129, 0.33228927850723267, 0.33580395579338074, 0.33569517731666565, 0.33617499470710754, 0.32411321997642517, 0.3208146095275879, 0.3465079963207245, 0.33989226818084717, 0.3331791162490845, 0.33516064286231995, 0.3153615891933441, 0.32618448138237, 0.33297041058540344, 0.3344542682170868, 0.35169267654418945, 0.31964266300201416, 0.3552911877632141, 0.30954137444496155, 0.32870471477508545, 0.3071892261505127, 0.3119077980518341, 0.3073626756668091, 0.31410083174705505, 0.3169682025909424, 0.30920010805130005, 0.3093564212322235],