{"loss": [1.324069619178772, 0.9107547402381897, 0.8154310584068298, 0.7630641460418701, 0.7204017043113708, 0.6933608055114746, 0.6581235527992249, 0.6360915899276733, 0.6207240223884583, 0.6061511635780334, 0.587324321269989, 0.5676323175430298, 0.5444260835647583, 0.5464698076248169, 0.5332345366477966, 0.5163865685462952, 0.49895939230918884, 0.49145373702049255, 0.48820921778678894, 0.4663407802581787, 0.46032440662384033, 0.45548105239868164, 0.45423227548599243, 0.4367513954639435, 0.44653668999671936, 0.4192212224006653, 0.4267195761203766, 0.42350804805755615, 0.4054531455039978, 0.39615386724472046, 0.3881388306617737, 0.39711329340934753, 0.3953181505203247, 0.39431899785995483, 0.3794257938861847, 0.3709973394870758, 0.3795175552368164, 0.37368789315223694, 0.3617003858089447, 0.35473689436912537, 0.3503580093383789, 0.35079801082611084, 0.3471052646636963, 0.34244057536125183, 0.3359324634075165, 0.3309718072414398, 0.3332160413265228, 0.32648247480392456, 0.3228228986263275, 0.3185748755931854, 0.3237782418727875, 0.3127268850803375, 0.32579153776168823, 0.312034547328949, 0.3215990960597992, 0.30335861444473267, 0.2963777482509613, 0.30157357454299927, 0.297396719455719, 0.29969626665115356, 0.2962799370288849, 0.2969802916049957, 0.29337278008461, 0.29032620787620544, 0.286175936460495, 0.2827173173427582, 0.28579920530319214, 0.277864933013916, 0.2789957523345947, 0.27547594904899597, 0.2741749584674835, 0.268434077501297, 0.2743960916996002, 0.2677243947982788, 0.2707442343235016, 0.26374852657318115, 0.2659178674221039, 0.2540784180164337, 0.25945281982421875, 0.25372952222824097, 0.25717949867248535, 0.2539014220237732, 0.24382521212100983, 0.254956990480423, 0.2567366659641266, 0.24910826981067657, 0.24718302488327026, 0.2436167150735855, 0.24265502393245697, 0.2448919117450714, 0.24681498110294342, 0.2409704476594925, 0.2409244179725647, 0.24590443074703217, 0.23915523290634155, 0.22996516525745392, 0.23727349936962128, 0.23162011802196503, 0.23161180317401886, 0.22303570806980133], "accuracy": [0.4543452262878418, 0.5673214197158813, 0.6229166388511658, 0.6489285826683044, 0.6722618937492371, 0.6913690567016602, 0.7095833420753479, 0.7177976369857788, 0.7323214411735535, 0.7389285564422607, 0.7483928799629211, 0.7552976012229919, 0.7692261934280396, 0.7697619199752808, 0.7719643115997314, 0.784761905670166, 0.7908333539962769, 0.795119047164917, 0.7985714077949524, 0.8055357336997986, 0.8061309456825256, 0.809583306312561, 0.8117856979370117, 0.8198809623718262, 0.8174999952316284, 0.82791668176651, 0.8257738351821899, 0.8308928608894348, 0.8348214030265808, 0.8401190638542175, 0.839821457862854, 0.8397619128227234, 0.8395237922668457, 0.8392857313156128, 0.8467857241630554, 0.8486904501914978, 0.8467261791229248, 0.8473214507102966, 0.8572618961334229, 0.8557142615318298, 0.8632143139839172, 0.8601190447807312, 0.864047646522522, 0.864642858505249, 0.866428554058075, 0.8688690662384033, 0.8669047355651855, 0.8702976107597351, 0.8741666674613953, 0.873452365398407, 0.869940459728241, 0.8771428465843201, 0.8698214292526245, 0.8761904835700989, 0.8725000023841858, 0.879880964756012, 0.885952353477478, 0.8840476274490356, 0.883809506893158, 0.8822619318962097, 0.883988082408905, 0.8861309289932251, 0.8865476250648499, 0.8848214149475098, 0.8854166865348816, 0.8889880776405334, 0.8901190757751465, 0.8911309242248535, 0.8913690447807312, 0.8923214077949524, 0.8942261934280396, 0.8951785564422607, 0.8967857360839844, 0.8958333134651184, 0.8983928561210632, 0.8985714316368103, 0.8997619152069092, 0.9020833373069763, 0.9000595211982727, 0.9022023677825928, 0.9001785516738892, 0.9020237922668457, 0.904285728931427, 0.9037500023841858, 0.9006547331809998, 0.9026785492897034, 0.904702365398407, 0.9076785445213318, 0.9077380895614624, 0.9075595140457153, 0.906845211982727, 0.9090476036071777, 0.9086904525756836, 0.9076785445213318, 0.9097023606300354, 0.913095235824585, 0.9089285731315613, 0.9092261791229248, 0.9137499928474426, 0.9140475988388062], "val_loss": [1.0400736331939697, 0.9401076436042786, 0.8103946447372437, 0.7561365365982056, 0.7192835807800293, 0.7150136232376099, 0.6766764521598816, 0.715069591999054, 0.6802936792373657, 0.6701486110687256, 0.6371865272521973, 0.6047078967094421, 0.5939441919326782, 0.5758569240570068, 0.624464750289917, 0.5695475935935974, 0.5572071671485901, 0.5806973576545715, 0.5401190519332886, 0.49752262234687805, 0.5346621870994568, 0.4938340485095978, 0.5173906683921814, 0.5838859677314758, 0.48977264761924744, 0.5194284915924072, 0.4852643609046936, 0.4840388596057892, 0.48146721720695496, 0.48046955466270447, 0.5415191650390625, 0.48709365725517273, 0.4531071186065674, 0.49307310581207275, 0.5423479676246643, 0.5256683826446533, 0.4691852927207947, 0.4543648064136505, 0.42747703194618225, 0.43957987427711487, 0.4605022072792053, 0.4513925611972809, 0.42824476957321167, 0.496218740940094, 0.47487422823905945, 0.46893543004989624, 0.4640171527862549, 0.40366092324256897, 0.41792523860931396, 0.4186249077320099, 0.41242995858192444, 0.43229249119758606, 0.40205293893814087, 0.3990696370601654, 0.4270368218421936, 0.44274696707725525, 0.40839818120002747, 0.43915948271751404, 0.39203596115112305, 0.3845306634902954, 0.36857664585113525, 0.39045053720474243, 0.4039420187473297, 0.424469530582428, 0.3954533338546753, 0.388767808675766, 0.3765028119087219, 0.40127506852149963, 0.4269014298915863, 0.3906717896461487, 0.4194081723690033, 0.39850956201553345, 0.3531740605831146, 0.3515055477619171, 0.4078912138938904, 0.38592302799224854, 0.4483484625816345, 0.39214587211608887, 0.4045737385749817, 0.38022083044052124, 0.36486825346946716, 0.36725249886512756, 0.34362608194351196, 0.39343810081481934, 0.381182461977005, 0.35413724184036255, 0.32110801339149475, 0.35648834705352783, 0.38862380385398865, 0.32777541875839233, 0.3627990782260895, 0.3444208800792694, 0.35234516859054565, 0.32533806562423706, 0.326570987701416, 0.3502497673034668, 0.4071740210056305, 0.3395014703273773, 0.3548523187637329, 0.3536100387573242],